종목코드,종목명,종가,대비,등락률,EPS,PER,선행 EPS,선행 PER,BPS,PBR,주당배당금,배당수익률
"060310","3S","1710","-22","-1.27",,,,,"933","1.83","0","0.00"
"095570","AJ네트웍스","4630","-110","-2.32","635","7.29","512","9.05","10216","0.45","330","7.13"
"006840","AK홀딩스","7690","-220","-2.78",,,,,"31492","0.24","0","0.00"
"054620","APS","6030","-280","-4.44",,,,,"11700","0.52","0","0.00"
"079810","APS이노베이션","5450","-350","-6.03","4","1362.50",,,"7818","0.70","0","0.00"
"265520","AP시스템","27650","-1050","-3.66","1605","17.23",,,"24853","1.11","340","1.23"
"211270","AP위성","16300","-780","-4.57",,,,,"7297","2.23","0","0.00"
"027410","BGF","4780","-145","-2.94","618","7.73","701","6.82","18674","0.26","130","2.72"
"282330","BGF리테일","132600","-100","-0.08","11303","11.73","13322","9.95","76009","1.74","4100","3.09"
"126600","BGF에코머티리얼즈","3810","-90","-2.31","226","16.86",,,"6634","0.57","50","1.31"
"138930","BNK금융지주","17480","-160","-0.91","2512","6.96","2856","6.12","34780","0.50","735","4.20"
"001460","BYC","46000","-500","-1.08","2367","19.43",,,"68791","0.67","400","0.87"
"001465","BYC우","31950","-550","-1.69",,,,,,,"405","1.27"
"083790","CG인바이츠","1217","72","6.29",,,,,"1144","1.06","0","0.00"
"001040","CJ","208000","-10500","-4.81","4271","48.70","10704","19.43","155346","1.34","3300","1.59"
"079160","CJ CGV","5040","180","3.70",,,,,"3444","1.46","0","0.00"
"035760","CJ ENM","45900","-2100","-4.38","1422","32.28","3353","13.69","134460","0.34","0","0.00"
"311690","CJ 바이오사이언스","7120","-330","-4.43",,,,,"4105","1.73","0","0.00"
"00104K","CJ4우(전환)","180800","-8600","-4.54",,,,,,,"3350","1.85"
"000120","CJ대한통운","95700","-1500","-1.54","11347","8.43","13160","7.27","207860","0.46","800","0.84"
"011150","CJ씨푸드","2550","-35","-1.35","78","32.69",,,"2447","1.04","0","0.00"
"011155","CJ씨푸드1우","13170","-130","-0.98",,,,,,,"0","0.00"
"001045","CJ우","85700","-3200","-3.60",,,,,,,"3350","3.91"
"097950","CJ제일제당","212500","-13000","-5.76",,,"25906","8.20","440524","0.48","6000","2.82"
"097955","CJ제일제당 우","132600","-1900","-1.41",,,,,,,"6050","4.56"
"051500","CJ프레시웨이","25400","-1250","-4.69","3961","6.41","5498","4.62","38342","0.66","500","1.97"
"058820","CMG제약","1513","-2","-0.13",,,,,"1363","1.11","0","0.00"
"056730","CNT85","514","0","0.00",,,,,"840","0.61","0","0.00"
"000480","CR홀딩스","4820","-105","-2.13",,,,,"13605","0.35","410","8.51"
"065770","CS","1584","0","0.00",,,,,"899","1.76","0","0.00"
"083660","CSA 코스믹","334","-2","-0.60",,,,,"229","1.46","0","0.00"
"000590","CS홀딩스","75900","-1900","-2.44","16782","4.52",,,"320744","0.24","500","0.66"
"012030","DB","2255","80","3.68","259","8.71",,,"2351","0.96","0","0.00"
"477760","DB금융스팩12호","2230","0","0.00",,,,,,,"0","0.00"
"005830","DB손해보험","161500","-700","-0.43","29597","5.46","24399","6.62","179423","0.90","7600","4.71"
"016610","DB증권","14020","-880","-5.91","2029","6.91",,,"27483","0.51","550","3.92"
"000990","DB하이텍","165800","-20900","-11.19","6285","26.38","6775","24.47","50326","3.29","810","0.49"
"099520","DGI","1284","0","0.00",,,,,"509","2.52","0","0.00"
"000300","DH오토넥스","4200","0","0.00","101","41.58",,,"874","4.81","0","0.00"
"290120","DH오토리드","2745","-50","-1.79","888","3.09",,,"6278","0.44","100","3.64"
"025440","DH오토웨어","834","29","3.60",,,,,"1084","0.77","0","0.00"
"001530","DI동일","26100","-800","-2.97",,,"685","38.12","25027","1.04","100","0.38"
"015590","DKME","2575","0","0.00",,,,,"2640","0.98","0","0.00"
"000210","DL","61700","-5300","-7.91",,,"11154","5.53","177828","0.35","0","0.00"
"000215","DL우","27000","-1800","-6.25",,,,,,,"0","0.00"
"375500","DL이앤씨","85900","-5400","-5.91","8746","9.82","9946","8.64","126050","0.68","890","1.04"
"37550L","DL이앤씨2우(전환)","51300","-3100","-5.70",,,,,,,"890","1.73"
"37550K","DL이앤씨우","27950","-1550","-5.25",,,,,,,"940","3.36"
"068790","DMS","7870","-180","-2.24","5910","1.33",,,"19235","0.41","250","3.18"
"007340","DN오토모티브","46650","-2100","-4.31","5440","8.58","5535","8.43","38780","1.20","1000","2.14"
"004840","DRB동일","4980","-5","-0.10","232","21.47",,,"20966","0.24","80","1.61"
"241520","DSC인베스트먼트","15220","-610","-3.85","669","22.75",,,"4874","3.12","40","0.26"
"155660","DSR","4210","-90","-2.09","935","4.50",,,"15284","0.28","250","5.94"
"069730","DSR제강","5140","-20","-0.39","1713","3.00",,,"13053","0.39","430","8.37"
"017860","DS단석","20750","-800","-3.71",,,,,"15304","1.36","10","0.05"
"180400","DXVX","3870","-105","-2.64",,,,,"954","4.06","0","0.00"
"092780","DYP","4940","-140","-2.76","617","8.01",,,"11386","0.43","80","1.62"
"017940","E1","100900","1000","1.00","18124","5.57","19932","5.06","349725","0.29","4550","4.51"
"418620","E8","1270","-66","-4.94",,,,,"735","1.73","0","0.00"
"245620","EDGC","415","0","0.00","204","2.03",,,,,"0","0.00"
"037370","EG","5000","-60","-1.19",,,,,"6992","0.72","0","0.00"
"050120","ES큐브","2835","5","0.18",,,,,"6819","0.42","0","0.00"
"383220","F&F","83500","-2600","-3.02","10611","7.87","12495","6.68","50123","1.67","2700","3.23"
"007700","F&F홀딩스","19130","-820","-4.11","3218","5.94",,,"59179","0.32","500","2.61"
"214270","FSN","1819","-61","-3.24",,,,,"1408","1.29","0","0.00"
"032620","GC메디아이","3820","30","0.79","729","5.24",,,"2787","1.37","50","1.31"
"130500","GH신소재","2450","30","1.24",,,,,"5566","0.44","0","0.00"
"114090","GKL","11220","-60","-0.53","761","14.74","907","12.37","7137","1.57","414","3.69"
"078930","GS","76200","-1200","-1.55","8435","9.03","9940","7.67","155303","0.49","3000","3.94"
"083450","GST","63700","-1500","-2.30","2533","25.15",,,"16838","3.78","650","1.02"
"006360","GS건설","34000","-2200","-6.08","1073","31.69","3461","9.82","56462","0.60","500","1.47"
"001250","GS글로벌","4180","-35","-0.83","241","17.34",,,"6576","0.64","25","0.60"
"007070","GS리테일","25650","-250","-0.97","520","49.33","2570","9.98","39303","0.65","600","2.34"
"078935","GS우","55900","-400","-0.71",,,,,,,"3050","5.46"
"499790","GS피앤엘","47700","-2700","-5.36","979","48.72","2991","15.95","43209","1.10","350","0.73"
"297890","HB솔루션","2440","-105","-4.13","362","6.74",,,"3367","0.72","30","1.23"
"440290","HB인베스트먼트","2035","-45","-2.16","226","9.00",,,"3223","0.63","120","5.90"
"078150","HB테크놀러지","4535","-430","-8.66","320","14.17",,,"3208","1.41","20","0.44"
"225530","HC보광산업","2945","-70","-2.32",,,,,"2530","1.16","50","1.70"
"060560","HC홈센타","2985","-185","-5.84",,,,,"5570","0.54","50","1.68"
"012630","HDC","25250","-1950","-7.17","6057","4.17","5979","4.22","59006","0.43","450","1.78"
"039570","HDC랩스","7980","-70","-0.87","534","14.94",,,"11616","0.69","450","5.64"
"089470","HDC현대EP","5000","-380","-7.06","1279","3.91",,,"13772","0.36","160","3.20"
"267270","HD건설기계","178900","-1500","-0.83","5698","31.40","11704","15.28","104016","1.72","550","0.31"
"009540","HD한국조선해양","464500","-9500","-2.00","30664","15.15","53447","8.69","187883","2.47","12300","2.65"
"267250","HD현대","287000","-6500","-2.21","13623","21.07","22290","12.88","143153","2.00","4000","1.39"
"443060","HD현대마린솔루션","248500","-8500","-3.31","6013","41.33","8708","28.54","18397","13.51","3950","1.59"
"071970","HD현대마린엔진","88400","-2300","-2.54","4867","18.16","4545","19.45","14413","6.13","0","0.00"
"322000","HD현대에너지솔루션","207000","16600","8.72","3721","55.63","9337","22.17","37302","5.55","0","0.00"
"267260","HD현대일렉트릭","1309000","-53000","-3.89","20354","64.31","29777","43.96","56366","23.22","7100","0.54"
"329180","HD현대중공업","707000","22000","3.21","15702","45.03","29668","23.83","89025","7.94","5661","0.80"
"376270","HEM파마","76700","6600","9.42",,,,,"698","109.89","0","0.00"
"097230","HJ중공업","25400","-1700","-6.27","570","44.56","1981","12.82","7416","3.43","0","0.00"
"195940","HK이노엔","50700","2000","4.11","2672","18.97","3505","14.46","46890","1.08","410","0.81"
"014790","HL D&I","3090","-170","-5.21","234","13.21","1079","2.86","12211","0.25","0","0.00"
"028300","HLB","56600","100","0.18",,,,,"3159","17.92","0","0.00"
"003580","HLB글로벌","1997","2","0.10",,,,,"1457","1.37","0","0.00"
"278650","HLB바이오스텝","1272","0","0.00",,,,,"1122","1.13","0","0.00"
"067630","HLB생명과학","3870","-10","-0.26",,,,,"2440","1.59","0","0.00"
"024850","HLB이노베이션","24600","3050","14.15",,,,,"7280","3.38","0","0.00"
"187420","HLB제넥스","2565","5","0.20","775","3.31",,,"1403","1.83","0","0.00"
"047920","HLB제약","16080","40","0.25","141","114.04",,,"3816","4.21","0","0.00"
"115450","HLB테라퓨틱스","3320","30","0.91",,,,,"1705","1.95","0","0.00"
"046210","HLB파나진","1879","-26","-1.36",,,,,"1591","1.18","0","0.00"
"196300","HLB펩","6530","-90","-1.36",,,,,"2769","2.36","0","0.00"
"204320","HL만도","60200","-1900","-3.06","2130","28.26","4596","13.10","57793","1.04","750","1.25"
"060980","HL홀딩스","44500","0","0.00","2251","19.77","5670","7.85","118064","0.38","2000","4.49"
"011200","HMM","19800","-250","-1.25","1951","10.15","1271","15.58","28168","0.70","700","3.54"
"403870","HPSP","51300","-4100","-7.40","901","56.94","1461","35.11","3811","13.46","500","0.97"
"036640","HRS","5010","-70","-1.38","846","5.92",,,"8112","0.62","300","5.99"
"035000","HS애드","8700","-10","-0.11","1072","8.12",,,"13081","0.67","550","6.32"
"002460","HS화성","13500","-90","-0.66","2916","4.63",,,"45678","0.30","750","5.56"
"487570","HS효성","62700","-1500","-2.34","5292","11.85",,,"139520","0.45","1000","1.59"
"298050","HS효성첨단소재","235000","-10000","-4.08",,,"17148","13.70","180761","1.30","2500","1.06"
"467930","IBKS제23호스팩","2145","-15","-0.69",,,,,,,"0","0.00"
"469480","IBKS제24호스팩","2200","55","2.56",,,,,,,"0","0.00"
"0099X0","IBKS제25호스팩","2120","-5","-0.24",,,,,,,"0","0.00"
"015360","INVENI","16870","-130","-0.76","4003","4.21",,,"29078","0.58","1080","6.40"
"294870","IPARK현대산업개발","22550","-500","-2.17","2476","9.11","6278","3.59","50647","0.45","700","3.10"
"095340","ISC","248500","5000","2.05","2743","90.59","4857","51.17","26223","9.48","850","0.34"
"175330","JB금융지주","25700","-400","-1.53","3619","7.10","4069","6.32","31738","0.81","1140","4.44"
"234080","JW생명과학","12420","-180","-1.43","1847","6.72","1778","6.99","14245","0.87","550","4.43"
"067290","JW신약","1735","-31","-1.76","245","7.08",,,"729","2.38","0","0.00"
"001060","JW중외제약","29700","700","2.41","2534","11.72",,,"15290","1.94","650","2.19"
"001067","JW중외제약2우B","54900","-100","-0.18",,,,,,,"650","1.18"
"001065","JW중외제약우","25500","0","0.00",,,,,,,"675","2.65"
"096760","JW홀딩스","3990","0","0.00","841","4.74",,,"3858","1.03","215","5.39"
"035900","JYP Ent.","57800","-1100","-1.87","4846","11.93","3818","15.14","18730","3.09","877","1.52"
"318000","KBG","4250","-65","-1.51","298","14.26",,,"5394","0.79","60","1.41"
"008970","KBI동양철관","1645","-68","-3.97",,,,,"1363","1.21","0","0.00"
"024840","KBI메탈","9200","-780","-7.82",,,,,"3484","2.64","0","0.00"
"105560","KB금융","153600","-5200","-3.27","15410","9.97","17811","8.62","164669","0.93","4367","2.84"
"024120","KB오토시스","3695","-75","-1.99","339","10.90",,,"10359","0.36","250","6.77"
"464680","KB제27호스팩","2095","-5","-0.24",,,,,,,"0","0.00"
"478390","KB제29호스팩","2060","5","0.24",,,,,,,"0","0.00"
"486630","KB제30호스팩","2040","-5","-0.24",,,,,,,"0","0.00"
"492220","KB제31호스팩","2035","-5","-0.25",,,,,,,"0","0.00"
"0037T0","KB제32호스팩","2010","5","0.25",,,,,,,"0","0.00"
"0072Z0","KB제33호스팩","2000","4","0.20",,,,,,,"0","0.00"
"002380","KCC","581000","-25000","-4.13","209201","2.78","95467","6.09","1063952","0.55","15000","2.58"
"021320","KCC건설","6510","-190","-2.84","2276","2.86",,,"27706","0.23","200","3.07"
"344820","KCC글라스","26550","-600","-2.21",,,,,"86505","0.31","1600","6.03"
"009070","KCTC","5300","-180","-3.28","707","7.50",,,"10550","0.50","75","1.42"
"009440","KC그린홀딩스","756","0","0.00",,,,,"4547","0.17","0","0.00"
"119650","KC코트렐","918","0","0.00",,,,,"467","1.97","0","0.00"
"044180","KD","205","0","0.00",,,,,"528","0.39","0","0.00"
"092220","KEC","1838","0","0.00",,,,,"1623","1.13","0","0.00"
"003620","KG모빌리티","4055","-55","-1.34","232","17.48",,,"7336","0.55","0","0.00"
"016380","KG스틸","6680","-70","-1.04","1394","4.79","1647","4.05","21234","0.31","300","4.49"
"151860","KG에코솔루션","6360","-120","-1.85","1964","3.24",,,"34152","0.19","150","2.36"
"035600","KG이니시스","10530","-310","-2.86","1798","5.86","2176","4.84","18729","0.56","600","5.70"
"001390","KG케미칼","5630","-70","-1.23","1023","5.50",,,"14858","0.38","150","2.66"
"046440","KG파이낸셜","4640","-175","-3.63","644","7.20","919","5.05","9858","0.47","250","5.39"
"060720","KH바텍","13530","-280","-2.03","925","14.63","1114","12.15","12563","1.08","365","2.70"
"001940","KISCO홀딩스","24450","-350","-1.41",,,"1934","12.64","93049","0.26","1850","7.57"
"058400","KNN","713","-6","-0.83","85","8.39",,,"1720","0.41","25","3.51"
"025000","KPX케미칼","52000","-1300","-2.44","10650","4.88",,,"158214","0.33","3750","7.21"
"092230","KPX홀딩스","86900","-1700","-1.92","20111","4.32",,,"279950","0.31","5250","6.04"
"000040","KR모터스","403","13","3.33",,,,,"506","0.80","0","0.00"
"044450","KSS해운","11470","-400","-3.37","1619","7.08",,,"24109","0.48","450","3.92"
"101000","KS인더스트리","792","-5","-0.63",,,,,"1025","0.77","0","0.00"
"030200","KT","59900","1100","1.87","7119","8.41","5884","10.18","73231","0.82","2400","4.01"
"033780","KT&G","182100","1800","1.00","10220","17.82","12176","14.96","89409","2.04","6000","3.29"
"058850","KTcs","2615","-50","-1.88","616","4.25",,,"5605","0.47","100","3.82"
"058860","KTis","2820","-60","-2.08","1188","2.37",,,"7801","0.36","140","4.96"
"089600","KT나스미디어","11600","-250","-2.11","596","19.46","1542","7.52","17839","0.65","700","6.03"
"418470","KT밀리의서재","12390","-210","-1.67","1847","6.71","2125","5.83","10150","1.22","550","4.44"
"043610","KT지니뮤직","1671","5","0.30",,,"187","8.92","2474","0.68","0","0.00"
"122450","KX","3060","5","0.16","461","6.64","576","5.31","8467","0.36","0","0.00"
"052900","KX하이텍","1486","156","11.73","80","18.58",,,"2108","0.70","0","0.00"
"036560","KZ정밀","13480","-450","-3.23","591","22.81",,,"36900","0.37","800","5.93"
"061970","LB세미콘","5520","140","2.60",,,,,"4579","1.21","0","0.00"
"309960","LB인베스트먼트","5570","-230","-3.97","541","10.30",,,"5521","1.01","200","3.59"
"093050","LF","24400","-250","-1.01","3646","6.69",,,"61158","0.40","700","2.87"
"003550","LG","110400","5300","5.04","4780","23.10","11176","9.88","186173","0.59","3100","2.81"
"034220","LG디스플레이","12760","150","1.19","453","28.17","1384","9.22","13208","0.97","0","0.00"
"051900","LG생활건강","264000","-4500","-1.68",,,"12012","21.98","325224","0.81","2000","0.76"
"051905","LG생활건강우","111400","-2900","-2.54",,,,,,,"2050","1.84"
"064400","LG씨엔에스","73000","2500","3.55","4549","16.05","5335","13.68","30270","2.41","1850","2.53"
"373220","LG에너지솔루션","443000","-25000","-5.34",,,"1599","277.02","86391","5.13","0","0.00"
"003555","LG우","73800","1800","2.50",,,,,,,"3150","4.27"
"032640","LG유플러스","15730","410","2.68","1221","12.88","1786","8.81","20826","0.76","660","4.20"
"011070","LG이노텍","696000","8000","1.16","14421","48.26","33977","20.48","243532","2.86","1880","0.27"
"066570","LG전자","184900","28200","18.00","5330","34.69","11653","15.87","132659","1.39","1350","0.73"
"066575","LG전자우","73600","7000","10.51",,,,,,,"1400","1.90"
"037560","LG헬로비전","2125","-75","-3.41","23","92.39","311","6.84","5845","0.36","0","0.00"
"051910","LG화학","388500","-35000","-8.26",,,"11763","33.03","419617","0.93","2000","0.51"
"051915","LG화학우","182600","-10600","-5.49",,,,,,,"2050","1.12"
"079550","LIG디펜스앤에어로스페이스","879000","4000","0.46","11604","75.75","19333","45.47","65465","13.43","2950","0.34"
"073490","LIG아큐버","52800","-100","-0.19",,,"2883","18.32","21991","2.40","100","0.19"
"225190","LK삼양","1952","-53","-2.64",,,,,"472","4.14","0","0.00"
"006260","LS","510000","-31000","-5.73","9903","51.50","16790","30.37","180391","2.83","2500","0.49"
"010120","LS ELECTRIC","289000","-15000","-4.93","1929","149.82","3781","76.44","13920","20.76","600","0.21"
"000680","LS네트웍스","3780","-180","-4.55",,,,,"11323","0.33","0","0.00"
"060370","LS마린솔루션","40550","-3250","-7.42","215","188.60","420","96.64","12341","3.29","160","0.39"
"417200","LS머트리얼즈","24550","-1150","-4.47","6","4091.67",,,"2736","8.97","22","0.09"
"229640","LS에코에너지","90000","1600","1.81","1387","64.89","1795","50.14","6898","13.05","250","0.28"
"078020","LS증권","7640","-430","-5.33","370","20.65",,,"14185","0.54","500","6.54"
"322180","LS티라유텍","8870","-600","-6.34",,,,,"3141","2.82","0","0.00"
"108320","LX세미콘","59500","-2600","-4.19","5081","11.71","6297","9.45","69207","0.86","1500","2.52"
"001120","LX인터내셔널","45700","-900","-1.93","3943","11.59","7687","5.94","77069","0.59","2000","4.38"
"108670","LX하우시스","38800","50","0.13",,,"6725","5.77","83591","0.46","0","0.00"
"108675","LX하우시스우","18200","-500","-2.67",,,,,,,"0","0.00"
"383800","LX홀딩스","8480","-270","-3.09","1745","4.86",,,"25745","0.33","290","3.42"
"38380K","LX홀딩스1우","8090","-250","-3.00",,,,,,,"300","3.71"
"476080","M83","6090","-320","-4.99",,,,,"5585","1.09","0","0.00"
"086960","MDS테크","3030","90","3.06","220","13.77",,,"3618","0.84","0","0.00"
"023150","MH에탄올","4040","-115","-2.77",,,,,"9350","0.43","250","6.19"
"035420","NAVER","204000","-7500","-3.55","13009","15.68","13675","14.92","184396","1.11","2630","1.29"
"036570","NC","250000","-1000","-0.40","17876","13.99","20078","12.45","173514","1.44","1150","0.46"
"160550","NEW","1620","-20","-1.22","28","57.86",,,"3265","0.50","0","0.00"
"053290","NE능률","1887","-65","-3.33",,,,,"4846","0.39","0","0.00"
"181710","NHN","37850","-1400","-3.57","1023","37.00","3573","10.59","47466","0.80","500","1.32"
"060250","NHN KCP","18910","-540","-2.78","1195","15.82","1448","13.06","7810","2.42","250","1.32"
"104200","NHN벅스","3535","0","0.00",,,,,"3749","0.94","0","0.00"
"054050","NH농우바이오","7610","-140","-1.81","767","9.92",,,"17324","0.44","250","3.29"
"005940","NH투자증권","34000","-2050","-5.69","2882","11.80","3808","8.93","25187","1.35","1300","3.82"
"005945","NH투자증권우","27100","-550","-1.99",,,,,,,"1350","4.98"
"034310","NICE","13370","-520","-3.74","1079","12.39",,,"21761","0.61","560","4.19"
"063570","NICE인프라","4100","-145","-3.42","234","17.52","540","7.59","6019","0.68","140","3.41"
"030190","NICE평가정보","13820","-310","-2.19","1317","10.49","1635","8.45","7931","1.74","510","3.69"
"008260","NI스틸","3680","-120","-3.16","673","5.47",,,"9590","0.38","100","2.72"
"004250","NPC","3535","-65","-1.81","339","10.43",,,"11789","0.30","105","2.97"
"004255","NPC우","2355","0","0.00",,,,,,,"110","4.67"
"222160","NPX","8040","0","0.00",,,,,"454","17.71","0","0.00"
"456040","OCI","135000","4000","3.05",,,"11966","11.28","125846","1.07","0","0.00"
"010060","OCI홀딩스","332500","13000","4.07",,,"14706","22.61","210598","1.58","1000","0.30"
"178920","PI첨단소재","29150","150","0.52","1035","28.16","1849","15.77","12094","2.41","350","1.20"
"001340","PKC","6370","-190","-2.90","229","27.82",,,"5057","1.26","30","0.47"
"024940","PN풍년","2875","-85","-2.87","306","9.40",,,"5519","0.52","35","1.22"
"005490","POSCO홀딩스","479000","-33000","-6.45","8697","55.08","26194","18.29","736969","0.65","10000","2.09"
"332570","PS일렉트로닉스","12120","650","5.67","482","25.15",,,"2734","4.43","0","0.00"
"218410","RFHIC","112500","8500","8.17","1131","99.47","1855","60.64","13376","8.41","400","0.36"
"327260","RF머트리얼즈 [락]","118700","3900","3.40","846","140.31","1751","67.77","6163","19.26","0","0.00"
"474610","RF시스템즈","11920","-250","-2.05","396","30.10",,,"3732","3.19","0","0.00"
"091340","S&K폴리텍","2530","0","0.00","295","8.58",,,"8631","0.29","0","0.00"
"010950","S-Oil","114300","3400","3.07","1519","75.25","13948","8.19","76339","1.50","330","0.29"
"010955","S-Oil우","56300","3800","7.24",,,,,,,"355","0.63"
"419530","SAMG엔터","36350","1150","3.27","3560","10.21","2928","12.41","8830","4.12","0","0.00"
"019550","SBI인베스트먼트","638","0","0.00","58","11.00",,,"912","0.70","0","0.00"
"034120","SBS","15060","-290","-1.89","433","34.78","1536","9.81","69877","0.22","330","2.19"
"003080","SB성보","2530","-30","-1.17","1759","1.44",,,"7843","0.32","205","8.10"
"246960","SCL사이언스","1833","-15","-0.81",,,,,"719","2.55","0","0.00"
"099220","SDN","1206","-38","-3.05",,,,,"1215","0.99","0","0.00"
"036540","SFA반도체","7990","-440","-5.22",,,"185","43.30","2884","2.77","0","0.00"
"255220","SG","2340","-95","-3.90",,,,,"1130","2.07","0","0.00"
"040610","SG&G","2175","0","0.00","806","2.70",,,"12347","0.18","0","0.00"
"184230","SGA솔루션즈","754","0","0.00","225","3.35",,,"377","2.00","0","0.00"
"016250","SGC E&C","15380","-490","-3.09",,,,,"61780","0.25","0","0.00"
"005090","SGC에너지","56900","-1100","-1.90",,,"2780","20.47","48667","1.17","1300","2.28"
"001380","SG글로벌","1700","-190","-10.05","124","13.71",,,"6772","0.25","0","0.00"
"004060","SG세계물산","3500","-160","-4.37","40","87.50",,,"13190","0.27","0","0.00"
"001770","SHD","16700","-420","-2.45","1620","10.31",,,"45604","0.37","200","1.20"
"002360","SH에너지화학","358","0","0.00",,,,,"642","0.56","0","0.00"
"009160","SIMPAC","6380","-300","-4.49","381","16.75",,,"12180","0.52","300","4.70"
"033530","SJG세종","7720","-450","-5.51","2541","3.04","2649","2.91","19312","0.40","200","2.59"
"123700","SJM","3715","-75","-1.98","777","4.78",,,"14855","0.25","205","5.52"
"025530","SJM홀딩스","3710","-65","-1.72","621","5.97",,,"12785","0.29","250","6.74"
"034730","SK","541000","-30000","-5.25","29000","18.66","64475","8.39","457231","1.18","8000","1.48"
"357880","SKAI","4000","100","2.56",,,,,"268","14.93","0","0.00"
"011790","SKC","145000","-11300","-7.23",,,,,"22956","6.32","0","0.00"
"018670","SK가스","269500","-500","-0.19","26176","10.30","34411","7.83","325701","0.83","9000","3.34"
"001740","SK네트웍스","6230","-220","-3.41","257","24.24","297","20.98","10430","0.60","250","4.01"
"006120","SK디스커버리","55500","-1400","-2.46","6961","7.97",,,"158509","0.35","2000","3.60"
"006125","SK디스커버리우","41000","-800","-1.91",,,,,,,"2050","5.00"
"210980","SK디앤디","12470","-200","-1.58","381","32.73",,,"30636","0.41","200","1.60"
"302440","SK바이오사이언스","41800","-400","-0.95",,,,,"22806","1.83","0","0.00"
"326030","SK바이오팜","102600","4000","4.06","3409","30.10","4824","21.27","10382","9.88","0","0.00"
"402340","SK스퀘어","1126000","-61000","-5.14","66713","16.88","240240","4.69","209564","5.37","0","0.00"
"361610","SK아이이테크놀로지","22950","-1550","-6.33",,,,,"31808","0.72","0","0.00"
"100090","SK오션플랜트","20450","-500","-2.39","625","32.72","988","20.71","13037","1.57","0","0.00"
"03473K","SK우","374000","-21000","-5.32",,,,,,,"8050","2.15"
"096770","SK이노베이션","128500","-4200","-3.17",,,"9208","13.96","128060","1.00","0","0.00"
"096775","SK이노베이션우","72200","-3000","-3.99",,,,,,,"0","0.00"
"475150","SK이터닉스","51700","2400","4.87","911","56.75","1430","36.15","8095","6.39","0","0.00"
"001510","SK증권","4775","-265","-5.26","138","34.60",,,"2887","1.65","0","0.00"
"001515","SK증권우","9990","-780","-7.24",,,,,,,"0","0.00"
"285130","SK케미칼","50500","-2600","-4.90","2306","21.90","7406","6.82","116581","0.43","1150","2.28"
"28513K","SK케미칼우","25600","-900","-3.40",,,,,,,"1200","4.69"
"017670","SK텔레콤","103400","5200","5.30","1825","56.66","5882","17.58","60395","1.71","1660","1.61"
"000660","SK하이닉스","1835000","-45000","-2.39","62044","29.58","327655","5.60","171751","10.68","3000","0.16"
"048550","SM C&C","1004","-36","-3.46",,,,,"843","1.19","0","0.00"
"063440","SM Life Design","1310","-66","-4.80","119","11.01",,,"1461","0.90","0","0.00"
"003570","SNT다이내믹스","51100","-1900","-3.58","2696","18.95",,,"36682","1.39","1800","3.52"
"064960","SNT모티브","32700","-500","-1.51","2921","11.19","3973","8.23","42534","0.77","1700","5.20"
"100840","SNT에너지","51700","-1400","-2.64","4270","12.11","4915","10.52","18458","2.80","1150","2.22"
"036530","SNT홀딩스","55300","-2200","-3.83","8924","6.20","11623","4.76","92522","0.60","3000","5.42"
"067160","SOOP","52700","-900","-1.68","9556","5.51","8492","6.21","43822","1.20","3380","6.41"
"000390","SP삼화","8200","-50","-0.61","308","26.62",,,"12503","0.66","350","4.27"
"011810","STX","3530","0","0.00",,,,,,,"0","0.00"
"465770","STX그린로지스","3895","200","5.41",,,,,"3282","1.19","0","0.00"
"077970","STX엔진","51300","-2200","-4.11","1793","28.61","2097","24.46","8545","6.00","0","0.00"
"002820","SUN&L","2305","-30","-1.28",,,,,"18273","0.13","0","0.00"
"289080","SV인베스트먼트","3855","-150","-3.75",,,,,"1313","2.94","0","0.00"
"002170","SYTS","59800","-1100","-1.81","9071","6.59",,,"171777","0.35","2300","3.85"
"041930","SY동아","6430","-220","-3.31","1888","3.41",,,"12809","0.50","300","4.67"
"084870","TBH글로벌","2000","-25","-1.23","43","46.51",,,"2972","0.67","50","2.50"
"002710","TCC스틸","17420","-710","-3.92",,,"1253","13.91","9346","1.86","70","0.40"
"013720","THE CUBE&","562","-38","-6.33",,,,,"960","0.59","0","0.00"
"089230","THE E&M","3860","-170","-4.22",,,,,"722","5.35","0","0.00"
"032540","TJ미디어","3565","-85","-2.33","191","18.66",,,"4010","0.89","320","8.98"
"069260","TKG휴켐스","17000","-180","-1.05","1561","10.89","1731","9.82","23511","0.72","1000","5.88"
"007980","TP","2050","30","1.49","819","2.50",,,"6164","0.33","75","3.66"
"048770","TPC로보틱스","5550","1280","29.98",,,,,"2317","2.40","10","0.18"
"246690","TS인베스트먼트","1610","-93","-5.46","172","9.36",,,"2075","0.78","15","0.93"
"317240","TS트릴리온","1243","31","2.56",,,,,"1030","1.21","0","0.00"
"002900","TYM","9000","-140","-1.53","984","9.15",,,"10601","0.85","290","3.22"
"024070","WISCOM","2260","-60","-2.59","88","25.68",,,"5754","0.39","50","2.21"
"057030","YBM넷","2555","-35","-1.35","99","25.81",,,"3239","0.79","100","3.91"
"037270","YG PLUS","4555","-75","-1.62","353","12.90",,,"2963","1.54","30","0.66"
"040300","YTN","3095","-70","-2.21",,,,,"4834","0.64","0","0.00"
"051390","YW","4570","80","1.78","632","7.23",,,"10506","0.43","230","5.03"
"052220","iMBC","2820","-95","-3.26",,,,,"2413","1.17","0","0.00"
"139130","iM금융지주","18470","-760","-3.95","2511","7.36","3156","5.85","38725","0.48","700","3.79"
"079940","가비아","32500","300","0.93","1232","26.38",,,"13565","2.40","100","0.31"
"078890","가온그룹","9860","-530","-5.10","395","24.96",,,"7147","1.38","70","0.71"
"000500","가온전선","564000","87000","18.24","3107","181.53",,,"29244","19.29","100","0.02"
"399720","가온칩스","64400","-6400","-9.04",,,,,"4714","13.66","0","0.00"
"036620","감성코퍼레이션","5710","-120","-2.06","387","14.75","578","9.87","1485","3.85","0","0.00"
"000860","강남제비스코","15150","700","4.84",,,,,"47663","0.32","250","1.65"
"198440","강동씨앤엘","1030","-23","-2.18","11","93.64",,,"2208","0.47","0","0.00"
"217730","강스템바이오텍","3550","-50","-1.39",,,,,"730","4.86","0","0.00"
"035250","강원랜드","15880","-130","-0.81","1572","10.10","1329","11.95","19841","0.80","950","5.98"
"114190","강원에너지","13540","-790","-5.51",,,,,"1321","10.25","0","0.00"
"094480","갤럭시아머니트리","7680","-260","-3.27","212","36.23",,,"3035","2.53","45","0.59"
"011420","갤럭시아에스엠","1734","-45","-2.53","135","12.84",,,"2624","0.66","0","0.00"
"039240","경남스틸","2655","-75","-2.75","172","15.44",,,"4224","0.63","120","4.52"
"053950","경남제약","2990","-35","-1.16",,,,,"6930","0.43","0","0.00"
"002100","경농","9890","-170","-1.69","1044","9.47",,,"14751","0.67","700","7.08"
"009450","경동나비엔","71900","400","0.56","6206","11.59","9568","7.51","53311","1.35","750","1.04"
"267290","경동도시가스","22200","-350","-1.55","5576","3.98",,,"80675","0.28","875","3.94"
"012320","경동인베스트","61400","-1200","-1.92","8482","7.24",,,"227089","0.27","750","1.22"
"011040","경동제약","5370","-90","-1.65","316","16.99",,,"7812","0.69","300","5.59"
"000050","경방","9270","-250","-2.63","1888","4.91",,,"31241","0.30","160","1.73"
"214390","경보제약","6370","120","1.92","8","796.25",,,"6096","1.04","50","0.78"
"012610","경인양행","5270","-500","-8.67","138","38.19",,,"5881","0.90","50","0.95"
"009140","경인전자","31650","1600","5.32","2937","10.78",,,"61271","0.52","500","1.58"
"024910","경창산업","1946","-54","-2.70",,,,,"3093","0.63","0","0.00"
"013580","계룡건설","26250","-1000","-3.67","11283","2.33",,,"106029","0.25","700","2.67"
"012200","계양전기","10990","2530","29.91",,,,,"734","14.97","0","0.00"
"012205","계양전기우","17570","4050","29.96",,,,,,,"0","0.00"
"002140","고려산업","2580","-30","-1.15","391","6.60",,,"4843","0.53","40","1.55"
"049720","고려신용정보","9940","-60","-0.60","951","10.45",,,"4407","2.26","500","5.03"
"010130","고려아연","1512000","-16000","-1.05","42566","35.52","63631","23.76","536342","2.82","20000","1.32"
"002240","고려제강","22350","-1000","-4.28","356","62.78",,,"67342","0.33","350","1.57"
"014570","고려제약","3830","-25","-0.65","602","6.36",,,"7678","0.50","180","4.70"
"348150","고바이오랩","4720","-10","-0.21",,,,,"1653","2.86","0","0.00"
"098460","고영","41400","-100","-0.24","224","184.82","738","56.12","5079","8.15","140","0.34"
"035290","골드앤에스","761","25","3.40",,,,,"483","1.58","0","0.00"
"215000","골프존","48950","50","0.10","4269","11.47","8867","5.52","73255","0.67","4000","8.17"
"121440","골프존홀딩스","4845","0","0.00","610","7.94",,,"19283","0.25","250","5.16"
"366030","공구우먼","6420","-220","-3.31","329","19.51",,,"3656","1.76","80","1.25"
"009290","광동제약","7920","110","1.41","521","15.20",,,"13201","0.60","100","1.26"
"017040","광명전기","932","0","0.00",,,,,"144","6.47","0","0.00"
"029480","광무","2050","-105","-4.87",,,,,"3491","0.59","0","0.00"
"017900","광전자","12610","-590","-4.47","85","148.35",,,"4784","2.64","50","0.40"
"037710","광주신세계","36500","-700","-1.88","5830","6.26",,,"113441","0.32","2400","6.58"
"026910","광진실업","2180","-140","-6.03",,,,,"3131","0.70","0","0.00"
"465320","교보15호스팩","2335","0","0.00",,,,,,,"0","0.00"
"482520","교보16호스팩","2040","0","0.00",,,,,,,"0","0.00"
"489210","교보17호스팩","2070","-20","-0.96",,,,,,,"0","0.00"
"0041B0","교보18호스팩","2020","5","0.25",,,,,,,"0","0.00"
"0098T0","교보19호스팩","2040","0","0.00",,,,,,,"0","0.00"
"0132G0","교보20호스팩","1998","-2","-0.10",,,,,,,"0","0.00"
"030610","교보증권","13930","-650","-4.46","1266","11.00",,,"18773","0.74","550","3.95"
"339770","교촌에프앤비","4175","-65","-1.53","351","11.89","645","6.47","3776","1.11","300","7.19"
"053270","구영테크","2240","-80","-3.45","860","2.60",,,"5617","0.40","70","3.13"
"007690","국도화학","38450","350","0.92","2538","15.15",,,"100377","0.38","1300","3.38"
"066620","국보디자인","24050","-500","-2.04","6006","4.00",,,"47874","0.50","500","2.08"
"043650","국순당","4010","-45","-1.11","397","10.10",,,"15068","0.27","80","2.00"
"006050","국영지앤엠","1128","-27","-2.34","50","22.56",,,"1546","0.73","0","0.00"
"060480","국일신동","1813","17","0.95","9","201.44",,,"3816","0.48","30","1.65"
"078130","국일제지","436","0","0.00",,,,,"106","4.11","0","0.00"
"307750","국전","3500","-65","-1.82",,,,,"1920","1.82","0","0.00"
"002720","국제약품","4310","5","0.12","280","15.39",,,"4617","0.93","30","0.70"
"035080","그래디언트","10800","-260","-2.35",,,,,"38707","0.28","200","1.85"
"318060","그래피","27600","-1500","-5.15",,,"387","71.30","1893","14.58","0","0.00"
"453450","그리드위즈","22350","-500","-2.19","270","82.78",,,"16771","1.33","0","0.00"
"204020","그리티","2330","-5","-0.21","238","9.79",,,"4344","0.54","115","4.94"
"0015G0","그린광학","29550","-1900","-6.04","212","139.39",,,"5602","5.27","0","0.00"
"402490","그린리소스","18880","-2470","-11.57","619","30.50",,,"4219","4.47","0","0.00"
"114450","그린생명과학","2805","45","1.63","6","467.50",,,"1930","1.45","0","0.00"
"083420","그린케미칼","5490","-210","-3.68","414","13.26",,,"5344","1.03","240","4.37"
"186230","그린플러스","4200","-20","-0.47",,,,,"3534","1.19","0","0.00"
"014530","극동유화","3630","-55","-1.49","34","106.76",,,"5888","0.62","200","5.51"
"204620","글로벌텍스프리","5700","-30","-0.52","504","11.31",,,"1993","2.86","0","0.00"
"019660","글로본","2160","-50","-2.26",,,,,"775","2.79","0","0.00"
"014280","금강공업","5280","-440","-7.69",,,,,"12448","0.42","120","2.27"
"014285","금강공업우","7080","-10","-0.14",,,,,,,"130","1.84"
"053260","금강철강","5660","20","0.35",,,,,"8115","0.70","170","3.00"
"008870","금비","44450","-450","-1.00","2636","16.86",,,"96925","0.46","1200","2.70"
"001570","금양","9900","0","0.00",,,,,"7186","1.38","0","0.00"
"282720","금양그린파워","12970","-430","-3.21","2","6485.00","604","21.48","7927","1.64","0","0.00"
"002990","금호건설","4535","-220","-4.63","1765","2.57","1655","2.74","6840","0.66","200","4.41"
"002995","금호건설우","14560","-10","-0.07",,,,,,,"350","2.40"
"011780","금호석유화학","142400","-6900","-4.62","11300","12.60","14259","9.99","244373","0.58","1700","1.19"
"011785","금호석유화학우","59100","-2200","-3.59",,,,,,,"1750","2.96"
"214330","금호에이치티","3665","165","4.71",,,,,"14000","0.26","0","0.00"
"001210","금호전기","831","-35","-4.04",,,,,"400","2.08","0","0.00"
"073240","금호타이어","5130","-310","-5.70","1209","4.24","1371","3.74","7065","0.73","0","0.00"
"036190","금화피에스시","36350","-1050","-2.81","5180","7.02",,,"65215","0.56","1600","4.40"
"049080","기가레인","1977","-93","-4.49",,,,,"487","4.06","0","0.00"
"420770","기가비스","114800","8100","7.59","1219","94.18","2321","49.45","16646","6.90","800","0.70"
"035460","기산텔레콤","4020","-370","-8.43","290","13.86",,,"3743","1.07","0","0.00"
"092440","기신정기","2250","-60","-2.60","107","21.03",,,"8561","0.26","100","4.44"
"000270","기아","168300","-6400","-3.66","19382","8.68","22104","7.61","157456","1.07","6800","4.04"
"024110","기업은행","21350","0","0.00","3183","6.71","3589","5.95","45716","0.47","1048","4.91"
"013700","까뮤이앤씨","1220","-63","-4.91","336","3.63",,,"1881","0.65","30","2.46"
"004540","깨끗한나라","1874","-25","-1.32",,,,,"4539","0.41","0","0.00"
"004545","깨끗한나라우","10030","580","6.14",,,,,,,"0","0.00"
"407400","꿈비","3850","-160","-3.99",,,,,"3316","1.16","0","0.00"
"187790","나노","6090","-190","-3.03","229","26.59",,,"1393","4.37","0","0.00"
"121600","나노신소재","73300","-4500","-5.78","136","538.97","1007","72.76","20643","3.55","250","0.34"
"286750","나노실리칸첨단소재","1377","-26","-1.85",,,,,"856","1.61","0","0.00"
"247660","나노씨엠에스","4685","-140","-2.90",,,,,"4160","1.13","0","0.00"
"039860","나노엔텍","5780","20","0.35","47","122.98",,,"2404","2.40","0","0.00"
"091970","나노캠텍","757","0","0.00",,,,,"556","1.36","0","0.00"
"417010","나노팀","10860","-720","-6.22","50","217.20",,,"2423","4.48","0","0.00"
"405920","나라셀라","2510","115","4.80","7","358.57",,,"5059","0.50","0","0.00"
"478340","나라스페이스테크놀로지","30450","-2200","-6.74",,,,,"4128","7.38","0","0.00"
"051490","나라엠앤디","3565","-145","-3.91","398","8.96",,,"7899","0.45","90","2.52"
"137080","나래나노텍","5570","-230","-3.97","3613","1.54",,,"10520","0.53","0","0.00"
"190510","나무가","18500","-500","-2.63","1741","10.63",,,"12226","1.51","728","3.94"
"242040","나무기술","4560","-15","-0.33",,,,,"1045","4.36","0","0.00"
"293580","나우IB","2500","-70","-2.72","61","40.98",,,"1101","2.27","22","0.88"
"459510","나우로보틱스","27400","-2200","-7.43",,,,,"1248","21.96","0","0.00"
"138610","나이벡","22700","-250","-1.09","416","54.57",,,"4032","5.63","0","0.00"
"130580","나이스디앤비","5390","-160","-2.88","839","6.42",,,"7506","0.72","226","4.19"
"036800","나이스정보통신","27650","-950","-3.32","4908","5.63","4858","5.69","45328","0.61","1100","3.98"
"267320","나인테크","3325","-165","-4.73",,,,,"1599","2.08","0","0.00"
"001260","남광토건","9020","-390","-4.14","539","16.73",,,"12722","0.71","0","0.00"
"008350","남선알미늄","1942","-19","-0.97","28","69.36",,,"2196","0.88","0","0.00"
"008355","남선알미우","14200","620","4.57",,,,,,,"0","0.00"
"004270","남성","7000","-290","-3.98",,,,,"33720","0.21","250","3.57"
"003920","남양유업","50200","700","1.41","888","56.53",,,"120319","0.42","1428","2.84"
"003925","남양유업우","35750","-300","-0.83",,,,,,,"1433","4.01"
"025860","남해화학","9030","-150","-1.63","608","14.85",,,"11459","0.79","90","1.00"
"111710","남화산업","3820","5","0.13","324","11.79",,,"9175","0.42","200","5.24"
"091590","남화토건","3980","-65","-1.61","931","4.27",,,"14580","0.27","100","2.51"
"168330","내츄럴엔도텍","2365","45","1.94",,,,,"759","3.12","0","0.00"
"094860","네오리진","1427","27","1.93",,,,,"943","1.51","0","0.00"
"253590","네오셈","16050","-840","-4.97","126","127.38",,,"2805","5.72","100","0.62"
"212560","네오오토","10540","560","5.61","1260","8.37",,,"11647","0.90","200","1.90"
"095660","네오위즈","20250","50","0.25","2522","8.03","1994","10.15","26889","0.75","303","1.50"
"042420","네오위즈홀딩스","19830","-270","-1.34","5422","3.66",,,"56817","0.35","486","2.45"
"311390","네오크레마","4150","-85","-2.01","237","17.51",,,"5846","0.71","50","1.20"
"085910","네오티스","29050","850","3.01","330","88.03","1262","23.02","4154","6.99","200","0.69"
"092730","네오팜","19540","60","0.31","1779","10.98","1771","11.03","12490","1.56","750","3.84"
"153460","네이블","9300","-430","-4.42","390","23.85",,,"5530","1.68","0","0.00"
"007390","네이처셀","19190","470","2.51",,,,,"978","19.62","0","0.00"
"033640","네패스","29600","-3600","-10.84","719","41.17",,,"5360","5.52","0","0.00"
"330860","네패스아크","41800","-2350","-5.32","280","149.29","1908","21.91","13841","3.02","0","0.00"
"351320","넥사다이내믹스","1535","63","4.28",,,,,"715","2.15","0","0.00"
"005720","넥센","6940","-190","-2.66","1757","3.95",,,"26875","0.26","175","2.52"
"005725","넥센우","4510","-170","-3.63",,,,,,,"180","3.99"
"002350","넥센타이어","6890","-220","-3.09","1469","4.69","1605","4.29","19967","0.35","200","2.90"
"002355","넥센타이어1우B","4275","-105","-2.40",,,,,,,"205","4.80"
"089140","넥스턴앤롤코리아","2005","-65","-3.14",,,,,"9061","0.22","0","0.00"
"389650","넥스트바이오메디컬","54700","-2900","-5.03",,,"2","32310.08","5864","9.33","0","0.00"
"137940","넥스트아이","263","0","0.00",,,,,"514","0.51","0","0.00"
"396270","넥스트칩","6690","-210","-3.04",,,,,"552","12.12","0","0.00"
"348210","넥스틴","69300","-200","-0.29",,,"3056","22.68","14724","4.71","510","0.74"
"092790","넥스틸","17360","-1320","-7.07","1386","12.53",,,"17845","0.97","1155","6.65"
"225570","넥슨게임즈","10810","-200","-1.82",,,,,"4052","2.67","0","0.00"
"205500","넥써쓰","1599","39","2.50",,,,,"504","3.17","0","0.00"
"217270","넵튠","3440","-100","-2.82",,,,,"7036","0.49","0","0.00"
"251270","넷마블","41950","-800","-1.87","2746","15.28","4457","9.41","66269","0.63","876","2.09"
"104620","노랑풍선","4555","-125","-2.67",,,,,"2380","1.91","0","0.00"
"090350","노루페인트","8120","-130","-1.58","804","10.10",,,"20328","0.40","400","4.93"
"090355","노루페인트우","12550","-530","-4.05",,,,,,,"405","3.23"
"000320","노루홀딩스","20550","-750","-3.52","3090","6.65",,,"47919","0.43","600","2.92"
"000325","노루홀딩스우","29600","350","1.20",,,,,,,"605","2.04"
"473980","노머스","16090","-570","-3.42","1359","11.84","1833","8.78","9419","1.71","0","0.00"
"194700","노바렉스","14360","-640","-4.27","2000","7.18","2267","6.33","14257","1.01","400","2.79"
"285490","노바텍","21000","-800","-3.67","1885","11.14",,,"16898","1.24","2871","13.67"
"145170","노브랜드","5150","250","5.10","311","16.56",,,"9360","0.55","0","0.00"
"106520","노블엠앤비","411","0","0.00",,,,,"459","0.90","0","0.00"
"376930","노을","1140","-30","-2.56",,,,,"501","2.28","0","0.00"
"486990","노타","31500","-1200","-3.67",,,,,"1288","24.46","0","0.00"
"006280","녹십자","137300","3100","2.31",,,"3586","38.29","106673","1.29","1500","1.09"
"142280","녹십자엠에스","4755","735","18.28","169","28.14",,,"2040","2.33","0","0.00"
"234690","녹십자웰빙","10430","-440","-4.05","564","18.49",,,"6351","1.64","140","1.34"
"005250","녹십자홀딩스","14320","1160","8.81",,,,,"19826","0.72","300","2.09"
"005257","녹십자홀딩스2우","24400","1850","8.20",,,,,,,"300","1.23"
"004370","농심","365500","-7500","-2.01","29342","12.46","31523","11.59","485193","0.75","6000","1.64"
"072710","농심홀딩스","93300","-2700","-2.81","24706","3.78",,,"284823","0.33","3000","3.22"
"069140","누리플랜","1764","-69","-3.76","16","110.25",,,"2750","0.64","0","0.00"
"040160","누리플렉스","17240","-540","-3.04",,,,,"6261","2.75","0","0.00"
"332290","누보","1185","-15","-1.25","29","40.86","153","7.74","881","1.35","0","0.00"
"348340","뉴로메카","75700","8600","12.82",,,,,"1211","62.51","0","0.00"
"380550","뉴로핏","18100","-220","-1.20",,,,,"1672","10.83","0","0.00"
"060260","뉴보텍","1330","-19","-1.41","141","9.43",,,"1710","0.78","10","0.75"
"463020","뉴엔AI","12120","-580","-4.57",,,,,"6023","2.01","0","0.00"
"123840","뉴온","4415","-15","-0.34",,,,,"15220","0.29","0","0.00"
"012340","뉴인텍","1406","-35","-2.43",,,,,"1415","0.99","0","0.00"
"462310","뉴키즈온","3760","-300","-7.39",,,,,"5618","0.67","0","0.00"
"270870","뉴트리","4120","-125","-2.94",,,,,"11542","0.36","0","0.00"
"144960","뉴파워프라즈마","8580","1150","15.48","211","40.66",,,"7057","1.22","50","0.58"
"085670","뉴프렉스","6130","-240","-3.77","360","17.03",,,"4434","1.38","100","1.63"
"064260","다날","7070","-250","-3.42",,,,,"4033","1.75","0","0.00"
"340360","다보링크","1402","-56","-3.84",,,,,"297","4.72","0","0.00"
"039560","다산네트웍스","4955","-55","-1.10",,,,,"6733","0.74","20","0.40"
"208860","다산디엠씨","1160","-47","-3.89",,,,,"1638","0.71","0","0.00"
"154040","다산솔루에타","1143","-12","-1.04","678","1.69",,,"2929","0.39","0","0.00"
"058730","다스코","3335","-115","-3.33",,,,,"8046","0.41","0","0.00"
"030210","다올투자증권","4180","-190","-4.35","641","6.52",,,"9169","0.46","240","5.74"
"023590","다우기술","44250","-3300","-6.94","11707","3.78",,,"79869","0.55","1800","4.07"
"032190","다우데이타","21950","-1400","-6.00","5713","3.84",,,"42047","0.52","550","2.51"
"323350","다원넥스뷰","22350","-550","-2.40","434","51.50",,,"2351","9.51","0","0.00"
"068240","다원시스","2530","0","0.00",,,,,,,"0","0.00"
"145210","다이나믹디자인","224","0","0.00",,,,,"1059","0.21","0","0.00"
"290660","다이나믹솔루션","1019","-120","-10.54",,,,,"704","1.45","0","0.00"
"483650","달바글로벌","247000","28500","13.04","6594","37.46","11005","22.44","16022","15.42","2629","1.06"
"464580","닷밀","2035","15","0.74","43","47.33",,,"1863","1.09","0","0.00"
"019680","대교","1298","-12","-0.92",,,,,"3375","0.38","60","4.62"
"019685","대교우B","1000","-6","-0.60",,,,,,,"60","6.00"
"006370","대구백화점","5580","-370","-6.22",,,,,"15711","0.36","0","0.00"
"008060","대덕","19790","660","3.45","103","192.14",,,"17702","1.12","1155","5.84"
"00806K","대덕1우","12380","-50","-0.40",,,,,,,"1160","9.37"
"353200","대덕전자","128000","2200","1.75","924","138.53","4265","30.01","17419","7.35","500","0.39"
"35320K","대덕전자1우","38500","3800","10.95",,,,,,,"505","1.31"
"000490","대동","10480","380","3.76",,,,,"17840","0.59","100","0.95"
"020400","대동금속","4085","-125","-2.97",,,,,"6832","0.60","60","1.47"
"008830","대동기어","19920","320","1.63",,,,,"8806","2.26","40","0.20"
"048470","대동스틸","3270","-135","-3.96","30","109.00",,,"7633","0.43","30","0.92"
"004780","대륙제관","3890","-10","-0.26","577","6.74",,,"9988","0.39","150","3.86"
"005750","대림바스","5090","-30","-0.59","812","6.27",,,"10213","0.50","180","3.54"
"017650","대림제지","9550","0","0.00","765","12.48",,,"32201","0.30","100","1.05"
"006570","대림통상","1963","10","0.51",,,,,"2512","0.78","0","0.00"
"389260","대명에너지","20550","-400","-1.91","807","25.46",,,"9190","2.24","0","0.00"
"317850","대모","8410","-280","-3.22","227","37.05",,,"5781","1.45","60","0.71"
"290670","대보마그네틱","10660","-190","-1.75",,,,,"2406","4.43","0","0.00"
"078140","대봉엘에스","10200","-230","-2.21","919","11.10",,,"12898","0.79","50","0.49"
"065150","대산F&B","145","0","0.00","53","2.74",,,"153","0.95","0","0.00"
"001680","대상","19880","-170","-0.85",,,,,"29733","0.67","850","4.28"
"001685","대상우","16170","-10","-0.06",,,,,,,"860","5.32"
"084690","대상홀딩스","9170","-10","-0.11",,,,,"16654","0.55","300","3.27"
"084695","대상홀딩스우","13640","-60","-0.44",,,,,,,"310","2.27"
"036480","대성미생물","6690","-80","-1.18","157","42.61",,,"9321","0.72","75","1.12"
"128820","대성산업","6380","-170","-2.60",,,,,"16698","0.38","404","6.33"
"117580","대성에너지","8240","-100","-1.20","905","9.10",,,"12713","0.65","250","3.03"
"027830","대성창투","1400","-80","-5.41","6","233.33",,,"1835","0.76","0","0.00"
"129920","대성하이텍","9830","-910","-8.47",,,,,"4260","2.31","0","0.00"
"016710","대성홀딩스","8000","-230","-2.79","1069","7.48",,,"28645","0.28","250","3.13"
"471050","대신밸런스제17호스팩","2090","0","0.00",,,,,,,"0","0.00"
"482690","대신밸런스제19호스팩","2130","-10","-0.47",,,,,,,"0","0.00"
"020180","대신정보통신","1117","-14","-1.24","149","7.50",,,"1013","1.10","30","2.69"
"003540","대신증권","36700","-2400","-6.14","2413","15.21","3124","11.75","53208","0.69","1200","3.27"
"003547","대신증권2우B","21900","-500","-2.23",,,,,,,"1200","5.48"
"003545","대신증권우","22800","-700","-2.98",,,,,,,"1250","5.48"
"045390","대아티아이","4150","-140","-3.26","290","14.31",,,"2189","1.90","0","0.00"
"009190","대양금속","1439","-5","-0.35","206","6.99",,,"1789","0.80","0","0.00"
"108380","대양전기공업","28100","-900","-3.10","2680","10.49","3069","9.16","29042","0.97","200","0.71"
"014160","대영포장","1084","-26","-2.34","15","72.27",,,"1865","0.58","0","0.00"
"047040","대우건설","30150","-1950","-6.07",,,"1036","29.10","8148","3.70","0","0.00"
"003090","대웅","21550","100","0.47","4280","5.04",,,"28372","0.76","200","0.93"
"069620","대웅제약","143700","3900","2.79","17022","8.44","15266","9.41","87439","1.64","600","0.42"
"007680","대원","4240","-230","-5.15",,,,,"21022","0.20","200","4.72"
"000430","대원강업","4080","-80","-1.92","587","6.95",,,"9057","0.45","110","2.70"
"048910","대원미디어","6890","-190","-2.68","454","15.18","861","8.00","8448","0.82","165","2.39"
"005710","대원산업","13150","-350","-2.59","3836","3.43",,,"29170","0.45","250","1.90"
"006340","대원전선","16000","-1190","-6.92","113","141.59",,,"1527","10.48","0","0.00"
"006345","대원전선우","23550","1750","8.03",,,,,,,"0","0.00"
"003220","대원제약","9760","-200","-2.01",,,"876","11.14","12407","0.79","250","2.56"
"024890","대원화성","906","0","0.00","86","10.53",,,"1092","0.83","0","0.00"
"120240","대정화금","12900","-70","-0.54","1889","6.83",,,"25600","0.50","475","3.68"
"003310","대주산업","3060","-90","-2.86","191","16.02",,,"3160","0.97","37","1.21"
"078600","대주전자재료","147400","1500","1.03","1377","107.04","2278","64.70","16760","8.79","100","0.07"
"393970","대진첨단소재","2825","0","0.00",,,,,"3532","0.80","0","0.00"
"012800","대창","1740","50","2.96","28","62.14",,,"3725","0.47","0","0.00"
"015230","대창단조","6840","-200","-2.84","1142","5.99",,,"12806","0.53","180","2.63"
"096350","대창솔루션","2725","-150","-5.22",,,,,"872","3.13","0","0.00"
"140520","대창스틸","2200","-15","-0.68","135","16.30",,,"7073","0.31","150","6.82"
"131220","대한과학","4600","-85","-1.81","478","9.62",,,"6035","0.76","125","2.72"
"010170","대한광통신","29100","1150","4.11",,,"36","809.35","484","60.12","0","0.00"
"054670","대한뉴팜","6380","-120","-1.85","1087","5.87",,,"9971","0.64","100","1.57"
"001070","대한방직","6440","-60","-0.92",,,,,"43130","0.15","0","0.00"
"023910","대한약품","27750","-400","-1.42","4701","5.90","5581","4.97","51057","0.54","1000","3.60"
"006650","대한유화","151100","-18800","-11.07","5134","29.43","19615","7.70","297102","0.51","1300","0.86"
"001440","대한전선","67200","-3300","-4.68","453","148.34","586","114.59","8620","7.80","0","0.00"
"084010","대한제강","11350","-30","-0.26","598","18.98","766","14.81","30821","0.37","500","4.41"
"001790","대한제당","2715","-15","-0.55",,,,,"5203","0.52","120","4.42"
"001795","대한제당우","2345","-35","-1.47",,,,,,,"125","5.33"
"001130","대한제분","156500","0","0.00",,,,,"610929","0.26","4000","2.56"
"439260","대한조선","76000","-5100","-6.29","7314","10.39","8191","9.28","28354","2.68","250","0.33"
"003490","대한항공","24850","-900","-3.50","2133","11.65","1626","15.29","29659","0.84","750","3.02"
"003495","대한항공우","22900","-400","-1.72",,,,,,,"800","3.49"
"005880","대한해운","2435","-90","-3.56","560","4.35","450","5.42","6684","0.36","0","0.00"
"003830","대한화섬","119900","-600","-0.50","8883","13.50",,,"657488","0.18","750","0.63"
"016090","대현","1735","-32","-1.81","249","6.97",,,"6265","0.28","80","4.61"
"069460","대호에이엘","532","0","0.00",,,,,"958","0.56","0","0.00"
"021040","대호특수강","1236","-6","-0.48",,,,,"2023","0.61","0","0.00"
"021045","대호특수강우","2685","10","0.37",,,,,,,"0","0.00"
"067080","대화제약","14560","330","2.32","94","154.89",,,"4138","3.52","150","1.03"
"298540","더네이쳐홀딩스","7460","-270","-3.49","471","15.84",,,"23278","0.32","500","6.70"
"032860","더라미","1032","-31","-2.92",,,,,"1301","0.79","0","0.00"
"475560","더본코리아","19410","-390","-1.97",,,,,"16648","1.17","500","2.58"
"192080","더블유게임즈","55000","-2800","-4.84","6651","8.27","8151","6.75","61507","0.89","1200","2.18"
"393890","더블유씨피","17880","2130","13.52",,,,,"26430","0.68","0","0.00"
"299170","더블유에스아이","2270","170","8.10",,,,,"1436","1.58","0","0.00"
"012510","더존비즈온","120000","0","0.00","3104","38.66",,,"21123","5.68","640","0.53"
"462860","더즌","3335","-165","-4.71","173","19.28",,,"1022","3.26","30","0.90"
"224060","더코디","5410","-200","-3.57","4732","1.14",,,"23122","0.23","0","0.00"
"043090","더테크놀로지","1140","0","0.00",,,,,"3780","0.30","0","0.00"
"403850","더핑크퐁컴퍼니","15180","-490","-3.13","1443","10.52",,,"12838","1.18","0","0.00"
"213420","덕산네오룩스","49400","-150","-0.30","2165","22.82","3234","15.27","18395","2.69","0","0.00"
"317330","덕산테코피아","27900","-2500","-8.22",,,,,"5642","4.95","0","0.00"
"077360","덕산하이메탈","17510","-420","-2.34",,,"503","34.84","4544","3.85","0","0.00"
"004830","덕성","4300","-115","-2.60","359","11.98",,,"6371","0.67","115","2.67"
"004835","덕성우","6420","-70","-1.08",,,,,,,"120","1.87"
"090410","덕신이피씨","1221","-29","-2.32","34","35.91",,,"2720","0.45","0","0.00"
"0001A0","덕양에너젠","17950","-820","-4.37","250","71.80",,,"2381","7.54","0","0.00"
"263600","덕우전자","6000","-280","-4.46","434","13.82",,,"6629","0.91","0","0.00"
"194480","데브시스터즈","18600","-1280","-6.44","953","19.52",,,"15161","1.23","0","0.00"
"373160","데이원컴퍼니","4500","-190","-4.05","347","12.97",,,"3285","1.37","0","0.00"
"263800","데이타솔루션","5140","-80","-1.53","65","79.08",,,"2170","2.37","0","0.00"
"206560","덱스터","2100","-85","-3.89",,,,,"1470","1.43","0","0.00"
"261200","덴티스","3475","-45","-1.28",,,,,"2938","1.18","0","0.00"
"145720","덴티움","50500","-1000","-1.94","1903","26.54","7513","6.72","65218","0.77","600","1.19"
"484120","도우인시스","22350","-1450","-6.09","49","456.12",,,"15451","1.45","0","0.00"
"067990","도이치모터스","5240","-130","-2.42","120","43.67",,,"13187","0.40","390","7.44"
"002150","도화엔지니어링","6410","-280","-4.19","220","29.14",,,"7625","0.84","300","4.68"
"006620","동구바이오제약","4865","30","0.62","1859","2.62",,,"5610","0.87","120","2.47"
"100130","동국S&C","2130","-75","-3.40",,,,,"3331","0.64","0","0.00"
"005160","동국산업","3250","-80","-2.40",,,,,"7195","0.45","145","4.46"
"303810","동국생명과학","3180","-40","-1.24","275","11.56",,,"4107","0.77","0","0.00"
"460850","동국씨엠","6090","-170","-2.72",,,,,"32899","0.19","300","4.93"
"075970","동국알앤에스","2220","-105","-4.52","31","71.61",,,"4295","0.52","80","3.60"
"460860","동국제강","13340","-330","-2.41","166","80.36","1025","13.02","38029","0.35","400","3.00"
"086450","동국제약","22300","-700","-3.04","1487","15.00","1894","11.77","14714","1.52","200","0.90"
"001230","동국홀딩스","11400","0","0.00","517","22.05","950","12.00","57731","0.20","100","0.88"
"023450","동남합성","30350","-100","-0.33","2046","14.83",,,"16202","1.87","925","3.05"
"004140","동방","2540","-90","-3.42","360","7.06",,,"3677","0.69","30","1.18"
"240550","동방메디컬","7460","-190","-2.48","572","13.04",,,"5905","1.26","0","0.00"
"099410","동방선기","5470","-530","-8.83","570","9.60",,,"3574","1.53","0","0.00"
"007590","동방아그로","6030","20","0.33","786","7.67",,,"13754","0.44","320","5.31"
"005960","동부건설","8410","-350","-4.00","2251","3.74",,,"24189","0.35","300","3.57"
"005965","동부건설우","18990","-220","-1.15",,,,,,,"350","1.84"
"026960","동서","24650","0","0.00","1468","16.79",,,"17452","1.41","1140","4.62"
"002210","동성제약","973","0","0.00",,,,,"957","1.02","0","0.00"
"102260","동성케미컬","4145","-30","-0.72","670","6.19",,,"9170","0.45","150","3.62"
"033500","동성화인텍","24950","-1200","-4.59","1869","13.35","2691","9.27","8649","2.88","400","1.60"
"025950","동신건설","15080","-920","-5.75","18","837.78",,,"11585","1.30","150","0.99"
"000640","동아쏘시오홀딩스","94000","-1300","-1.36","13723","6.85","12293","7.65","171539","0.55","1700","1.81"
"170900","동아에스티","42000","-600","-1.41",,,"2735","15.36","66929","0.63","700","1.67"
"088130","동아엘텍","10000","-260","-2.53","2811","3.56",,,"9726","1.03","150","1.50"
"028100","동아지질","16120","-680","-4.05","1453","11.09",,,"18566","0.87","600","3.72"
"001520","동양","719","-21","-2.84","105","6.85",,,"3812","0.19","0","0.00"
"001527","동양2우B","7300","-30","-0.41",,,,,,,"0","0.00"
"084670","동양고속","33300","-1550","-4.45","1136","29.31",,,"20914","1.59","0","0.00"
"082640","동양생명","7790","-230","-2.87","798","9.76",,,"9925","0.78","0","0.00"
"060380","동양에스텍","1478","-33","-2.18","71","20.82",,,"5897","0.25","50","3.38"
"001525","동양우","4320","-35","-0.80",,,,,,,"0","0.00"
"079960","동양이엔피","34000","-1700","-4.76","6525","5.21",,,"58388","0.58","450","1.32"
"228340","동양파일","1940","-80","-3.96",,,,,"5777","0.34","0","0.00"
"088910","동우팜투테이블","2425","-70","-2.81","1100","2.20",,,"9312","0.26","50","2.06"
"094170","동운아나텍","50200","-4900","-8.89","52","965.38","556","90.29","3424","14.66","170","0.34"
"013120","동원개발","2630","-75","-2.77","290","9.07",,,"11867","0.22","90","3.42"
"018500","동원금속","1800","0","0.00","453","3.97",,,"2844","0.63","50","2.78"
"006040","동원산업","36900","-1500","-3.91","8793","4.20","7459","4.95","79927","0.46","1150","3.12"
"030720","동원수산","6810","20","0.29","1664","4.09",,,"12115","0.56","0","0.00"
"014820","동원시스템즈","25100","-750","-2.90","1834","13.69",,,"29468","0.85","900","3.59"
"014825","동원시스템즈우","16150","-90","-0.55",,,,,,,"1000","6.19"
"111380","동인기연","13400","-280","-2.05","1967","6.81",,,"25695","0.52","680","5.07"
"163560","동일고무벨트","6970","-250","-3.46","767","9.09",,,"17082","0.41","150","2.15"
"109860","동일금속","7420","0","0.00","596","12.45",,,"18440","0.40","320","4.31"
"032960","동일기연","12640","340","2.76","1691","7.47",,,"18847","0.67","500","3.96"
"004890","동일산업","37400","-300","-0.80",,,,,"189781","0.20","1000","2.67"
"023790","동일스틸럭스","1249","0","0.00",,,,,"772","1.62","0","0.00"
"002690","동일제강","1538","-47","-2.97","69","22.29",,,"7764","0.20","0","0.00"
"005290","동진쎄미켐","56200","-2700","-4.58","1927","29.16",,,"21091","2.66","650","1.16"
"025900","동화기업","10120","-490","-4.62",,,,,"17795","0.57","0","0.00"
"000020","동화약품","5860","60","1.03","313","18.72",,,"13692","0.43","65","1.11"
"000150","두산","1676000","-44000","-2.56","4230","396.22","27765","60.36","87399","19.18","4000","0.24"
"000157","두산2우B","559000","-41000","-6.83",,,,,,,"4000","0.72"
"454910","두산로보틱스","101200","-3200","-3.07",,,,,"5378","18.82","0","0.00"
"241560","두산밥캣","71800","-1400","-1.91","4196","17.11","6068","11.83","75131","0.96","1700","2.37"
"034020","두산에너빌리티","125600","-2400","-1.88","132","951.52","612","205.12","12156","10.33","0","0.00"
"000155","두산우","696000","-24000","-3.33",,,,,,,"4050","0.58"
"131970","두산테스나","144800","-11800","-7.54","78","1856.41","3503","41.33","22719","6.37","160","0.11"
"336260","두산퓨얼셀","92700","-4000","-4.14",,,,,"4491","20.64","0","0.00"
"33626K","두산퓨얼셀1우","11950","-630","-5.01",,,,,,,"0","0.00"
"33626L","두산퓨얼셀2우B","13060","-1180","-8.29",,,,,,,"0","0.00"
"016740","두올","4800","-55","-1.13","994","4.83",,,"9739","0.49","120","2.50"
"073190","듀오백","1097","-75","-6.40",,,,,"3099","0.35","0","0.00"
"176750","듀켐바이오","9020","100","1.12","229","39.39",,,"1737","5.19","0","0.00"
"030350","드래곤플라이","973","0","0.00",,,,,"356","2.73","0","0.00"
"203650","드림시큐리티","3610","-180","-4.75","87","41.49",,,"1244","2.90","0","0.00"
"223250","드림씨아이에스","6740","-390","-5.47","299","22.54","468","14.42","3211","2.10","0","0.00"
"060570","드림어스컴퍼니","947","-86","-8.33","34","27.85",,,"1943","0.49","0","0.00"
"362990","드림인사이트","1545","-57","-3.56",,,,,"2021","0.76","20","1.29"
"192650","드림텍","6330","-100","-1.56","1","6330.00",,,"5644","1.12","226","3.57"
"016670","디모아","3695","-85","-2.25","1986","1.86",,,"11343","0.33","0","0.00"
"187870","디바이스","21500","-200","-0.92","1304","16.49",,,"12226","1.76","650","3.02"
"489730","디비금융제13호스팩","2035","0","0.00",,,,,,,"0","0.00"
"0004Y0","디비금융제14호스팩","2020","0","0.00",,,,,,,"0","0.00"
"024090","디씨엠","12290","0","0.00","1369","8.98",,,"30605","0.40","820","6.67"
"003160","디아이","30400","-1850","-5.74","196","155.10","1175","25.88","6287","4.84","250","0.82"
"092200","디아이씨","8750","940","12.04",,,,,"3657","2.39","0","0.00"
"110990","디아이티","24450","-800","-3.17","1644","14.87",,,"12787","1.91","420","1.72"
"263690","디알젬","5590","30","0.54","622","8.99",,,"8454","0.66","178","3.18"
"214680","디알텍","1680","-70","-4.00",,,,,"867","1.94","0","0.00"
"347850","디앤디파마텍","71000","300","0.42",,,,,"1826","38.88","0","0.00"
"263720","디앤씨미디어","11000","-200","-1.79","642","17.13","673","16.34","7665","1.44","0","0.00"
"376300","디어유","27900","-200","-0.71","785","35.54","1903","14.66","8842","3.16","316","1.13"
"104040","디에스엠","677","0","0.00","19","35.63",,,"859","0.79","0","0.00"
"109740","디에스케이","4790","-180","-3.62",,,,,"4200","1.14","0","0.00"
"031860","디에이치엑스컴퍼니","693","0","0.00",,,,,"1176","0.59","0","0.00"
"196490","디에이테크놀로지","6090","0","0.00",,,,,,,"0","0.00"
"066900","디에이피","1837","-1","-0.05",,,,,"324","5.67","0","0.00"
"092070","디엔에프","23650","-500","-2.07","109","216.97",,,"13305","1.78","100","0.42"
"039840","디오","16010","-510","-3.09",,,"1898","8.43","14316","1.12","0","0.00"
"013570","디와이","4855","-85","-1.72","570","8.52",,,"15901","0.31","170","3.50"
"024900","디와이덕양","2190","5","0.23","38","57.63",,,"3682","0.59","60","2.74"
"219550","디와이디","1610","-129","-7.42",,,,,"364","4.42","0","0.00"
"310870","디와이씨","1436","47","3.38","178","8.07",,,"2610","0.55","20","1.39"
"002880","디와이에이","906","-19","-2.05",,,,,"997","0.91","0","0.00"
"210540","디와이파워","14390","-510","-3.42","2278","6.32",,,"28321","0.51","500","3.47"
"104460","디와이피엔에프","13420","-270","-1.97","2703","4.96",,,"15819","0.85","700","5.22"
"113810","디젠스","663","-22","-3.21","23","28.83",,,"732","0.91","0","0.00"
"043360","디지아이","2750","170","6.59",,,,,"4519","0.61","0","0.00"
"197140","디지캡","1910","-50","-2.55",,,,,"4348","0.44","0","0.00"
"068930","디지털대성","8570","-190","-2.17","801","10.70","1055","8.12","5322","1.61","520","6.07"
"033130","디지틀조선","2245","-260","-10.38","147","15.27",,,"2479","0.91","40","1.78"
"105740","디케이락","9710","-350","-3.48","682","14.24",,,"13415","0.72","300","3.09"
"263020","디케이앤디","3640","-155","-4.08","568","6.41",,,"5631","0.65","100","2.75"
"290550","디케이티","30600","-450","-1.45","1159","26.40","1689","18.12","10140","3.02","0","0.00"
"066670","디티씨","3210","155","5.07","240","13.38",,,"10582","0.30","0","0.00"
"187220","디티앤씨","2815","-85","-2.93","183","15.38",,,"8318","0.34","100","3.55"
"383930","디티앤씨알오","3000","-30","-0.99",,,,,"1963","1.53","0","0.00"
"131180","딜리","941","0","0.00","67","14.04",,,"2297","0.41","90","9.56"
"315640","딥노이드","3120","30","0.97",,,,,"970","3.22","0","0.00"
"317120","라닉스","2300","-105","-4.37",,,,,"1399","1.64","0","0.00"
"462510","라메디텍","4545","-100","-2.15",,,,,"957","4.75","0","0.00"
"232680","라온로보틱스","16930","-580","-3.31","310","54.61",,,"2998","5.65","200","1.18"
"042510","라온시큐어","13120","-20","-0.15","313","41.92","740","17.72","4975","2.64","0","0.00"
"418420","라온텍","9440","1090","13.05",,,,,"549","17.19","0","0.00"
"300120","라온피플","972","-25","-2.51",,,,,"934","1.04","0","0.00"
"171120","라이온켐텍","2330","-30","-1.27","241","9.67",,,"3936","0.59","100","4.29"
"388790","라이콤","5400","-500","-8.47","8","675.00",,,"709","7.62","0","0.00"
"214260","라파스","8580","-300","-3.38",,,,,"3370","2.55","0","0.00"
"171010","램테크놀러지","3845","-165","-4.11",,,,,"2778","1.38","0","0.00"
"084650","랩지노믹스","1415","102","7.77",,,,,"2015","0.70","0","0.00"
"217500","러셀","2775","-55","-1.94",,,,,"1871","1.48","30","1.08"
"038390","레드캡투어","10700","-130","-1.20","1416","7.56",,,"12037","0.89","800","7.48"
"294140","레몬","3150","-60","-1.87",,,,,"406","7.76","0","0.00"
"443250","레뷰코퍼레이션","7170","-80","-1.10","478","15.00",,,"4348","1.65","266","3.71"
"228670","레이","7130","-180","-2.46","201","35.47",,,"4896","1.46","0","0.00"
"228850","레이언스","6320","320","5.33",,,"643","9.83","15058","0.42","300","4.75"
"412350","레이저쎌","7880","410","5.49",,,,,"1467","5.37","0","0.00"
"199550","레이저옵텍","4560","-345","-7.03",,,,,"1704","2.68","0","0.00"
"281740","레이크머티리얼즈","19630","-1520","-7.19","117","167.78",,,"2049","9.58","30","0.15"
"277810","레인보우로보틱스","855000","-10000","-1.16","73","11712.33",,,"6899","123.93","0","0.00"
"215100","로보로보","6970","-290","-3.99",,,,,"1469","4.74","0","0.00"
"090360","로보스타","70500","300","0.43",,,,,"8904","7.92","0","0.00"
"108490","로보티즈","345000","-32500","-8.61","385","896.10","1075","320.81","21707","15.89","0","0.00"
"033290","로젠","1887","-25","-1.31","400","4.72",,,"7584","0.25","0","0.00"
"067730","로지시스","3010","-215","-6.67","342","8.80",,,"2173","1.39","150","4.98"
"071280","로체시스템즈","9510","-280","-2.86","821","11.58",,,"9007","1.06","50","0.53"
"376900","로킷헬스케어","70500","-6100","-7.96",,,,,"740","95.27","0","0.00"
"214610","롤링스톤","2290","0","0.00",,,,,"1903","1.20","0","0.00"
"032350","롯데관광개발","18350","-830","-4.33","356","51.54","1305","14.06","4677","3.92","0","0.00"
"089860","롯데렌탈","32250","-650","-1.98","3514","9.18","4391","7.35","43125","0.75","1200","3.72"
"000400","롯데손해보험","1969","-41","-2.04","158","12.46",,,"1985","0.99","0","0.00"
"023530","롯데쇼핑","151700","6700","4.62","1824","83.17","11844","12.81","537131","0.28","4000","2.64"
"020150","롯데에너지머티리얼즈","71900","-3500","-4.64",,,,,"31623","2.27","0","0.00"
"280360","롯데웰푸드","117800","-3800","-3.13","8176","14.41","13414","8.78","247808","0.48","3300","2.80"
"286940","롯데이노베이트","21450","0","0.00","657","32.65","1930","11.11","28166","0.76","700","3.26"
"004000","롯데정밀화학","58900","-2500","-4.07","4165","14.14","7079","8.32","95632","0.62","1500","2.55"
"004990","롯데지주","28600","-1250","-4.19",,,"1101","25.98","79142","0.36","1250","4.37"
"00499K","롯데지주우","28100","100","0.36",,,,,,,"1300","4.63"
"005300","롯데칠성","114800","-2500","-2.13","4697","24.44","11222","10.23","151359","0.76","3400","2.96"
"005305","롯데칠성우","80100","1300","1.65",,,,,,,"3405","4.25"
"011170","롯데케미칼","89100","-17400","-16.34",,,,,"298452","0.30","1000","1.12"
"071840","롯데하이마트","6930","-280","-3.88",,,"353","19.61","40757","0.17","300","4.33"
"328130","루닛","17630","-1440","-7.55",,,,,"2202","8.01","0","0.00"
"038060","루멘스","1451","-112","-7.17",,,,,"2202","0.66","0","0.00"
"474170","루미르","14230","-1170","-7.60","3","4743.33","103","138.30","3445","4.13","0","0.00"
"141080","리가켐바이오","203500","19300","10.48",,,"868","234.34","13930","14.61","0","0.00"
"058470","리노공업","108400","-7400","-6.39","2002","54.15","2691","40.28","9635","11.25","800","0.74"
"016100","리더스코스메틱","1696","-21","-1.22",,,,,"1557","1.09","0","0.00"
"012700","리드코프","3405","-120","-3.40","522","6.52",,,"16721","0.20","150","4.41"
"302550","리메드","2810","-20","-0.71","17","165.29",,,"1296","2.17","0","0.00"
"491000","리브스메드","64800","-2000","-2.99",,,"222","292.29","7328","8.84","0","0.00"
"394420","리센스메디컬","29400","-1400","-4.55",,,"55","530.53","751","39.15","0","0.00"
"073570","리튬포어스","821","0","0.00",,,,,"928","0.88","0","0.00"
"377450","리파인","11000","-500","-4.35","567","19.40",,,"12867","0.85","260","2.36"
"277070","린드먼아시아","3950","-150","-3.66","237","16.67",,,"4821","0.82","250","6.33"
"042500","링네트","5280","-230","-4.17","562","9.40",,,"5843","0.90","300","5.68"
"193250","링크드","396","0","0.00",,,,,"918","0.43","0","0.00"
"474650","링크솔루션","55200","-3000","-5.15",,,"1389","39.74","6788","8.13","0","0.00"
"219420","링크제니시스","5010","-180","-3.47","249","20.12",,,"4088","1.23","0","0.00"
"439090","마녀공장","17390","-320","-1.81","557","31.22",,,"7488","2.32","0","0.00"
"027740","마니커","821","0","0.00",,,,,"664","1.24","0","0.00"
"195500","마니커에프앤지","2635","-70","-2.59","136","19.38",,,"4978","0.53","0","0.00"
"377480","마음AI","16170","-820","-4.83",,,,,"3622","4.46","0","0.00"
"305090","마이크로디지탈","4825","-80","-1.63",,,,,"1541","3.13","0","0.00"
"098120","마이크로컨텍솔","37300","-800","-2.10","2031","18.37",,,"9781","3.81","100","0.27"
"424980","마이크로투나노","12840","-560","-4.18",,,,,"4366","2.94","0","0.00"
"038290","마크로젠","15060","-80","-0.53","187","80.53",,,"14505","1.04","500","3.32"
"001080","만호제강","5220","230","4.61",,,,,"5544","0.94","0","0.00"
"267980","매일유업","34650","-500","-1.42","7724","4.49",,,"86122","0.40","1300","3.75"
"005990","매일홀딩스","10920","-320","-2.85","2565","4.26",,,"34904","0.31","260","2.38"
"093520","매커스","25500","-800","-3.04","2604","9.79","2130","11.97","14459","1.76","1200","4.71"
"100590","머큐리","9670","-1180","-10.88",,,,,"8897","1.09","0","0.00"
"067280","멀티캠퍼스","26550","-200","-0.75","4417","6.01",,,"38888","0.68","1350","5.08"
"072870","메가스터디","12770","-100","-0.78","2393","5.34",,,"29432","0.43","1320","10.34"
"215200","메가스터디교육","46200","750","1.65","8072","5.72","9072","5.09","48011","0.96","3000","6.49"
"133750","메가엠디","1715","-25","-1.44","126","13.61",,,"3007","0.57","60","3.50"
"446540","메가터치","6690","-400","-5.64",,,,,"2519","2.66","0","0.00"
"235980","메드팩토","4645","-65","-1.38",,,,,"1342","3.46","0","0.00"
"041920","메디아나","18690","-860","-4.40","286","65.35","1331","14.04","7340","2.55","0","0.00"
"014100","메디앙스","1681","-9","-0.53",,,,,"6034","0.28","0","0.00"
"054180","메디콕스","2295","0","0.00",,,,,"8537","0.27","0","0.00"
"086900","메디톡스","107300","5500","5.40","2371","45.26","3835","27.98","64588","1.66","1200","1.12"
"078160","메디포스트","26050","1750","7.20",,,,,"6371","4.09","0","0.00"
"138040","메리츠금융지주","107500","-4500","-4.02","12903","8.33","14701","7.31","61286","1.75","0","0.00"
"0088D0","메리츠제1호스팩","2180","0","0.00",,,,,,,"0","0.00"
"408920","메쎄이상","3435","-205","-5.63","365","9.41",,,"1878","1.83","120","3.49"
"021880","메이슨캐피탈","159","-7","-4.22",,,,,"336","0.47","0","0.00"
"0088M0","메쥬","31400","350","1.13","422","74.41",,,"1199","26.19","0","0.00"
"140410","메지온","81800","1300","1.61",,,,,"566","144.52","0","0.00"
"241770","메카로","37200","750","2.06","1278","29.11",,,"20599","1.81","350","0.94"
"090370","메타랩스","1311","-24","-1.80",,,,,"2808","0.47","0","0.00"
"059210","메타바이오메드","4125","-60","-1.43","438","9.42","730","5.65","4594","0.90","105","2.55"
"118000","메타케어","208","0","0.00","3","69.33",,,"695","0.30","0","0.00"
"058110","멕아이씨에스","2660","25","0.95",,,,,"2365","1.12","0","0.00"
"072770","멤레이비티","707","0","0.00",,,,,"568","1.24","0","0.00"
"017180","명문제약","1663","11","0.67","57","29.18",,,"2954","0.56","0","0.00"
"009900","명신산업","11900","-350","-2.86","1302","9.14","1829","6.51","14406","0.83","100","0.84"
"317450","명인제약","52200","-700","-1.32","6718","7.77",,,"54409","0.96","1500","2.87"
"012690","모나리자","2180","40","1.87","41","53.17",,,"2391","0.91","50","2.29"
"005360","모나미","1580","-38","-2.35",,,,,"4286","0.37","30","1.90"
"070960","모나용평","2935","-65","-2.17",,,,,"7586","0.39","0","0.00"
"434480","모니터랩","4400","-180","-3.93","56","78.57",,,"3084","1.43","0","0.00"
"080420","모다이노칩","1793","-66","-3.55",,,,,"4518","0.40","0","0.00"
"417970","모델솔루션","20850","2340","12.64","1068","19.52",,,"11302","1.84","280","1.34"
"080160","모두투어","10410","-340","-3.16","836","12.45","829","12.55","5081","2.05","350","3.36"
"087260","모바일어플라이언스","2235","-55","-2.40",,,,,"1509","1.48","0","0.00"
"101330","모베이스","5900","1030","21.15","525","11.24",,,"16124","0.37","140","2.37"
"012860","모베이스전자","6030","1390","29.96","274","22.01",,,"3346","1.80","40","0.66"
"363260","모비데이즈","1388","-61","-4.21","95","14.61",,,"1248","1.11","40","2.88"
"348030","모비릭스","2205","-85","-3.71",,,,,"5069","0.43","0","0.00"
"250060","모비스","4605","-185","-3.86",,,,,"1048","4.39","0","0.00"
"288980","모아데이타","1199","23","1.96",,,,,"522","2.30","0","0.00"
"142760","모아라이프플러스","746","40","5.67",,,,,"766","0.97","0","0.00"
"033200","모아텍","3950","-60","-1.50",,,,,"7581","0.52","0","0.00"
"009680","모토닉","10630","-250","-2.30","1248","8.52",,,"22319","0.48","790","7.43"
"118990","모트렉스","9170","0","0.00","301","30.47","1275","7.19","10261","0.89","0","0.00"
"463480","모티브링크","7930","-240","-2.94",,,,,"2963","2.68","0","0.00"
"006920","모헨즈","4230","-155","-3.53",,,,,"2772","1.53","0","0.00"
"009580","무림P&P","2620","-70","-2.60",,,,,"9575","0.27","125","4.77"
"001810","무림SP","1482","-23","-1.53",,,,,"8988","0.16","15","1.01"
"009200","무림페이퍼","1879","-31","-1.62",,,,,"10373","0.18","125","6.65"
"033920","무학","8590","-170","-1.94","1898","4.53",,,"22743","0.38","566","6.59"
"008420","문배철강","2505","-95","-3.65","314","7.98",,,"9503","0.26","50","2.00"
"279600","미디어젠","4750","-260","-5.19",,,,,"3363","1.41","0","0.00"
"095500","미래나노텍","9710","-420","-4.15","487","19.94",,,"10551","0.92","70","0.72"
"254490","미래반도체","35600","-4500","-11.22","979","36.36",,,"7635","4.66","0","0.00"
"025560","미래산업","16810","-770","-4.38","2396","7.02",,,"27450","0.61","0","0.00"
"218150","미래생명자원","2875","-25","-0.86",,,,,"2072","1.39","0","0.00"
"007120","미래아이앤지","1758","-84","-4.56",,,,,"1780","0.99","0","0.00"
"100790","미래에셋벤처투자","58900","-3600","-5.76","582","101.20",,,"7122","8.27","0","0.00"
"0097F0","미래에셋비전스팩10호","1991","0","0.00",,,,,,,"0","0.00"
"0099W0","미래에셋비전스팩11호","1997","-2","-0.10",,,,,,,"0","0.00"
"477380","미래에셋비전스팩4호","2055","0","0.00",,,,,,,"0","0.00"
"477470","미래에셋비전스팩5호","2075","-5","-0.24",,,,,,,"0","0.00"
"478440","미래에셋비전스팩6호","2050","5","0.24",,,,,,,"0","0.00"
"482680","미래에셋비전스팩7호","2055","-5","-0.24",,,,,,,"0","0.00"
"0093G0","미래에셋비전스팩8호","1994","1","0.05",,,,,,,"0","0.00"
"0096D0","미래에셋비전스팩9호","1999","-1","-0.05",,,,,,,"0","0.00"
"085620","미래에셋생명","14570","-620","-4.08","1002","14.54",,,"18762","0.78","0","0.00"
"006800","미래에셋증권","74300","-5100","-6.42","2668","27.85","3219","23.08","22776","3.26","300","0.40"
"00680K","미래에셋증권2우B","21000","-1950","-8.50",,,,,,,"300","1.43"
"006805","미래에셋증권우","21950","-1900","-7.97",,,,,,,"330","1.50"
"049950","미래컴퍼니","15140","-700","-4.42",,,,,"12792","1.18","0","0.00"
"207760","미스터블루","882","-4","-0.45",,,,,"490","1.80","0","0.00"
"081660","미스토홀딩스","37050","-750","-1.98","4061","9.12","5107","7.25","36392","1.02","1980","5.34"
"002840","미원상사","141400","900","0.64","9449","14.96",,,"91715","1.54","2400","1.70"
"268280","미원에스씨","111600","-3500","-3.04","12662","8.81",,,"92934","1.20","3200","2.87"
"107590","미원홀딩스","58500","-1500","-2.50","11302","5.18",,,"125024","0.47","700","1.20"
"134380","미원화학","13020","140","1.09","1235","10.54",,,"8899","1.46","450","3.46"
"003650","미창석유","120000","-2100","-1.72","45517","2.64",,,"316865","0.38","3500","2.92"
"059090","미코","22550","-1350","-5.65","937","24.07",,,"3658","6.16","0","0.00"
"201490","미투온","2940","-145","-4.70","25","117.60",,,"4588","0.64","0","0.00"
"475460","미트박스","8010","-20","-0.25","314","25.51",,,"6649","1.20","100","1.25"
"452200","민테크","4490","5","0.11",,,,,"1360","3.30","0","0.00"
"206640","바디텍메드","11210","10","0.09","1091","10.27",,,"10787","1.04","150","1.34"
"035620","바른손이앤에이","916","4","0.44",,,,,"3164","0.29","0","0.00"
"053030","바이넥스","10260","0","0.00",,,"260","39.45","5881","1.74","0","0.00"
"301300","바이브컴퍼니","2230","-125","-5.31",,,,,"3275","0.68","0","0.00"
"377740","바이오노트","4880","-60","-1.21",,,,,"15047","0.32","228","4.67"
"064550","바이오니아","9530","-200","-2.06",,,,,"8124","1.17","0","0.00"
"314930","바이오다인","11300","160","1.44","29","389.66","272","41.52","1495","7.56","0","0.00"
"489460","바이오비쥬","6970","-190","-2.65","298","23.39","448","15.57","4118","1.69","100","1.43"
"086820","바이오솔루션","9790","-320","-3.17","11","890.00",,,"1324","7.39","0","0.00"
"038460","바이오스마트","3635","-100","-2.68","356","10.21",,,"5697","0.64","0","0.00"
"251120","바이오에프디엔씨","13110","110","0.85","782","16.76","865","15.15","8184","1.60","0","0.00"
"199730","바이오인프라","3965","-5","-0.13",,,,,"3390","1.17","300","7.57"
"086040","바이오톡스텍","3055","-55","-1.77","74","41.28",,,"2607","1.17","0","0.00"
"188040","바이오포트","5950","-50","-0.83",,,,,"8776","0.68","0","0.00"
"099430","바이오플러스","5630","60","1.08","253","22.25",,,"2841","1.98","70","1.24"
"032980","바이온","604","0","0.00",,,,,"554","1.09","0","0.00"
"308080","바이젠셀","11750","300","2.62",,,,,"2133","5.51","0","0.00"
"043150","바텍","22050","-1100","-4.75","2701","8.16","3823","5.77","33371","0.66","300","1.36"
"323990","박셀바이오","6500","-110","-1.66",,,,,"2638","2.46","0","0.00"
"003610","방림","5350","10","0.19","208","25.72",,,"5755","0.93","70","1.31"
"267790","배럴","3470","-25","-0.72","560","6.20",,,"5198","0.67","75","2.16"
"046310","백금T&A","2890","-50","-1.70","263","10.99",,,"4544","0.64","100","3.46"
"035150","백산","11040","-480","-4.17","1581","6.98","2523","4.38","12658","0.87","450","4.08"
"331520","밸로프","2605","-50","-1.88","185","14.08",,,"3300","0.79","0","0.00"
"199480","뱅크웨어글로벌","4615","-145","-3.05",,,,,"1760","2.62","0","0.00"
"438700","버넥트","3010","-45","-1.47",,,,,"2706","1.11","0","0.00"
"066410","버킷스튜디오","1153","0","0.00",,,,,"950","1.21","0","0.00"
"002410","범양건영","1935","0","0.00",,,,,,,"0","0.00"
"382900","범한퓨얼셀","32650","-2800","-7.90","185","176.49",,,"18795","1.74","0","0.00"
"206400","베노티앤알","1063","-37","-3.36",,,,,"1920","0.55","0","0.00"
"019010","베뉴지","6080","-640","-9.52","2331","2.61",,,"9718","0.63","70","1.15"
"177350","베셀","916","-33","-3.48","927","0.99",,,"2106","0.43","0","0.00"
"457600","벡트","1949","-86","-4.23",,,,,"1316","1.48","0","0.00"
"424760","벨로크","1887","0","0.00","111","17.00",,,"1407","1.34","0","0.00"
"007210","벽산","1892","-67","-3.42","407","4.65",,,"5403","0.35","30","1.59"
"250000","보라티알","7100","-270","-3.66","35","202.86",,,"13583","0.52","400","5.63"
"002760","보락","1016","-10","-0.97","39","26.05",,,"814","1.25","7","0.69"
"003850","보령","9520","100","1.06","766","12.43",,,"10008","0.95","160","1.68"
"310210","보로노이","274000","500","0.18",,,,,"5678","48.26","0","0.00"
"006910","보성파워텍","13010","-790","-5.72","415","31.35",,,"2253","5.77","0","0.00"
"0010F0","보원케미칼","4955","-185","-3.60",,,,,,,"0","0.00"
"000890","보해양조","422","0","0.00","25","16.88",,,"655","0.64","0","0.00"
"226340","본느","647","0","0.00",,,,,"827","0.78","0","0.00"
"003000","부광약품","6090","130","2.18","152","40.07",,,"3452","1.76","125","2.05"
"001270","부국증권","71800","-2200","-2.97","5109","14.05",,,"93587","0.77","2400","3.34"
"001275","부국증권우","34600","-450","-1.28",,,,,,,"2450","7.08"
"026940","부국철강","2495","-55","-2.16","109","22.89",,,"6861","0.36","80","3.21"
"014470","부방","1277","-40","-3.04","43","29.70",,,"3207","0.40","0","0.00"
"011390","부산산업","69000","-1800","-2.54",,,,,"119423","0.58","250","0.36"
"005030","부산주공","486","0","0.00","22","22.09",,,"245","1.98","0","0.00"
"008470","부스타","3650","-100","-2.67","193","18.91",,,"9906","0.37","80","2.19"
"338220","뷰노","11860","-130","-1.08",,,,,"2579","4.60","0","0.00"
"100120","뷰웍스","32650","1050","3.32","2434","13.41","3701","8.82","27823","1.17","690","2.11"
"406820","뷰티스킨","4000","395","10.96",,,,,"2279","1.76","0","0.00"
"099390","브레인즈컴퍼니","4190","-100","-2.33","662","6.33",,,"7049","0.59","170","4.06"
"064480","브리지텍","4020","-105","-2.55","44","91.36",,,"4027","1.00","120","2.99"
"365900","브이씨","3045","-60","-1.93",,,,,"5105","0.60","0","0.00"
"089970","브이엠","60000","1600","2.74","1135","52.86","3373","17.79","6824","8.79","0","0.00"
"251630","브이원텍","5970","-130","-2.13",,,,,"6767","0.88","100","1.68"
"018290","브이티","15990","290","1.85","1728","9.25","1578","10.13","6998","2.28","0","0.00"
"478560","블랙야크아이앤씨","3325","-70","-2.06",,,,,"1484","2.24","325","9.77"
"006740","블루산업개발","589","0","0.00",,,,,"1506","0.39","0","0.00"
"439580","블루엠텍","2915","-65","-2.18",,,,,"1325","2.20","0","0.00"
"033560","블루콤","3275","-125","-3.68","998","3.28",,,"11033","0.30","0","0.00"
"369370","블리츠웨이엔터테인먼트","1051","-52","-4.71",,,,,"357","2.94","0","0.00"
"126340","비나텍","173000","-9000","-4.95",,,"2413","71.71","11841","14.61","0","0.00"
"121800","비덴트","3320","0","0.00","114","29.12",,,"8348","0.40","0","0.00"
"082800","비보존 제약","2835","-65","-2.24",,,,,"1394","2.03","0","0.00"
"318410","비비씨","7480","190","2.61","992","7.54",,,"14424","0.52","400","5.35"
"002070","비비안","10000","-660","-6.19",,,,,"54750","0.18","0","0.00"
"100220","비상교육","6700","-60","-0.89","1738","3.86",,,"16305","0.41","220","3.28"
"419540","비스토스","877","0","0.00",,,,,"800","1.10","0","0.00"
"146320","비씨엔씨","16970","-690","-3.91","90","188.56","615","27.58","6182","2.75","0","0.00"
"200780","비씨월드제약","4040","-90","-2.18",,,,,"7000","0.58","100","2.48"
"413640","비아이매트릭스","7890","-130","-1.62","335","23.55",,,"4493","1.76","0","0.00"
"141000","비아트론","11830","-530","-4.29","1028","11.51",,,"17991","0.66","100","0.85"
"090460","비에이치","30450","-1000","-3.18","991","30.73","2962","10.28","23055","1.32","250","0.82"
"083650","비에이치아이","86000","-3100","-3.48","2107","40.82","3251","26.46","5739","14.99","0","0.00"
"0068Y0","비엔케이제3호스팩","1994","-2","-0.10",,,,,,,"0","0.00"
"065170","비엘팜텍","2115","-35","-1.63",,,,,"296","7.15","0","0.00"
"086670","비엠티","15770","-980","-5.85","2063","7.64",,,"15049","1.05","600","3.80"
"230980","비유테크놀러지","229","0","0.00",,,,,"21","10.90","0","0.00"
"488900","비츠로넥스텍","18050","-1150","-5.99",,,,,"2035","8.87","0","0.00"
"082920","비츠로셀","60900","-3200","-4.99","1267","48.07","1789","34.04","7355","8.28","260","0.43"
"054220","비츠로시스","548","0","0.00","25","21.92",,,"319","1.72","0","0.00"
"042370","비츠로테크","16890","-1100","-6.11","252","67.02",,,"9877","1.71","60","0.36"
"050090","비케이홀딩스","710","-20","-2.74",,,,,"565","1.26","0","0.00"
"148780","비큐AI","1082","-39","-3.48",,,,,"357","3.03","0","0.00"
"307870","비투엔","998","-46","-4.41",,,,,"531","1.88","0","0.00"
"377030","비트맥스","2960","-200","-6.33",,,,,"1012","2.92","0","0.00"
"032850","비트컴퓨터","4925","-235","-4.55","471","10.46",,,"4774","1.03","66","1.34"
"049470","비트플래닛","672","0","0.00",,,,,"525","1.28","0","0.00"
"238200","비피도","2965","5","0.17",,,,,"5615","0.53","0","0.00"
"093190","빅솔론","8440","-10","-0.12","1261","6.69",,,"13716","0.62","325","3.85"
"065450","빅텍","4905","-80","-1.60","154","31.85",,,"2116","2.32","30","0.61"
"044480","빌리언스","1371","-189","-12.12",,,,,"1520","0.90","0","0.00"
"005180","빙그레","70800","-1300","-1.80","6284","11.27","9239","7.66","84119","0.84","3300","4.66"
"069540","빛과전자","5900","-170","-2.80",,,,,"947","6.23","0","0.00"
"072950","빛샘전자","16910","-980","-5.48","943","17.93",,,"10357","1.63","70","0.41"
"451250","삐아","8170","-210","-2.51","486","16.81",,,"4524","1.81","200","2.45"
"143240","사람인","16050","-560","-3.37","8746","1.84",,,"25433","0.63","700","4.36"
"466410","사이냅소프트","10910","-100","-0.91","1181","9.24",,,"14441","0.76","0","0.00"
"003960","사조대림","29850","-1200","-3.86",,,,,"72933","0.41","250","0.84"
"008040","사조동아원","1068","-70","-6.15",,,,,"901","1.19","0","0.00"
"007160","사조산업","51600","-1300","-2.46",,,,,"106906","0.48","200","0.39"
"014710","사조씨푸드","7640","-130","-1.67",,,,,"11978","0.64","50","0.65"
"006090","사조오양","8220","-110","-1.32","1123","7.32",,,"26231","0.31","100","1.22"
"223310","사토시홀딩스","2275","0","0.00",,,,,"653","3.48","0","0.00"
"452430","사피엔반도체","42100","-2200","-4.97",,,"777","54.15","1566","26.88","0","0.00"
"419120","산돌","3780","-45","-1.18","244","15.49",,,"4008","0.94","100","2.65"
"062040","산일전기","312000","-12000","-3.70","4901","63.66","7536","41.40","19269","16.19","1250","0.40"
"122350","삼기","1328","-43","-3.14",,,,,"2656","0.50","0","0.00"
"419050","삼기에너지솔루션즈","1728","-38","-2.15",,,,,"1122","1.54","0","0.00"
"014970","삼륭물산","6600","-120","-1.79","408","16.18",,,"3863","1.71","105","1.59"
"005610","삼립","46550","-600","-1.27","1732","26.88",,,"59413","0.78","1000","2.15"
"018310","삼목에스폼","17790","-220","-1.22","715","24.88",,,"45432","0.39","300","1.69"
"012210","삼미금속","13650","-310","-2.22","86","158.72",,,"4178","3.27","0","0.00"
"053700","삼보모터스","5520","-50","-0.90","909","6.07",,,"18124","0.30","50","0.91"
"009620","삼보산업","869","-34","-3.77",,,,,"73","11.90","0","0.00"
"023600","삼보판지","9670","-70","-0.72","1703","5.68",,,"37462","0.26","210","2.17"
"001470","삼부토건","347","0","0.00",,,,,,,"0","0.00"
"028050","삼성E&A","54900","-3700","-6.31","3150","17.43","3874","14.17","24187","2.27","790","1.44"
"006400","삼성SDI","629000","-55000","-8.04",,,"10963","57.37","272485","2.31","0","0.00"
"006405","삼성SDI우","318500","-18500","-5.49",,,,,,,"0","0.00"
"006660","삼성공조","12970","-530","-3.93","905","14.33",,,"35993","0.36","80","0.62"
"028260","삼성물산","435000","-17000","-3.76","14905","29.18","17036","25.53","305019","1.43","2800","0.64"
"02826K","삼성물산우B","254500","-10500","-3.96",,,,,,,"2850","1.12"
"207940","삼성바이오로직스","1443000","-15000","-1.03","26628","54.19","45069","32.02","161142","8.95","0","0.00"
"032830","삼성생명","299500","0","0.00","12824","23.35","12710","23.56","349293","0.86","5300","1.77"
"0044K0","삼성스팩10호","2010","-5","-0.25",,,,,,,"0","0.00"
"0071M0","삼성스팩11호","2010","10","0.50",,,,,,,"0","0.00"
"0096B0","삼성스팩12호","2005","5","0.25",,,,,,,"0","0.00"
"0115H0","삼성스팩13호","2005","-10","-0.50",,,,,,,"0","0.00"
"018260","삼성에스디에스","179300","5600","3.22","9819","18.26","10046","17.85","128198","1.40","3190","1.78"
"0126Z0","삼성에피스홀딩스","520000","5000","0.97",,,"10023","51.88","233083","2.23","0","0.00"
"009150","삼성전기","958000","58000","6.44","9345","102.51","19405","49.37","126302","7.58","2350","0.25"
"009155","삼성전기우","384500","8000","2.12",,,,,,,"2400","0.62"
"005930","삼성전자","279000","-6500","-2.28","6605","42.24","46265","6.03","63997","4.36","1668","0.60"
"005935","삼성전자우","187000","-7900","-4.05",,,,,,,"1669","0.89"
"001360","삼성제약","1810","37","2.09","123","14.72",,,"1286","1.41","0","0.00"
"010140","삼성중공업","31400","-2550","-7.51","639","49.14","1413","22.22","4857","6.46","0","0.00"
"016360","삼성증권","128000","-7200","-5.33","11279","11.35","15104","8.47","90348","1.42","4000","3.13"
"068290","삼성출판사","7800","-250","-3.11","405","19.26",,,"16404","0.48","200","2.56"
"029780","삼성카드","49450","-750","-1.49","6053","8.17","5818","8.50","83059","0.60","2800","5.66"
"000810","삼성화재","505000","0","0.00","47478","10.64","45415","11.12","500071","1.01","19500","3.86"
"000815","삼성화재우","379000","-500","-0.13",,,,,,,"19505","5.15"
"006110","삼아알미늄","79300","0","0.00",,,"520","152.41","14814","5.35","25","0.03"
"009300","삼아제약","16000","0","0.00","2120","7.55",,,"37375","0.43","850","5.31"
"0120G0","삼양바이오팜","68900","-100","-0.14","301","228.90",,,"31593","2.18","0","0.00"
"145990","삼양사","44450","-1150","-2.52",,,,,"160164","0.28","1750","3.94"
"145995","삼양사우","32100","-300","-0.93",,,,,,,"1800","5.61"
"003230","삼양식품","1331000","12000","0.91","52156","25.52","76044","17.50","166650","7.99","4800","0.36"
"482630","삼양엔씨켐","21750","1350","6.62","691","31.48","1106","19.67","5448","3.99","0","0.00"
"484590","삼양컴텍","11050","-380","-3.32","649","17.03","859","12.86","3797","2.91","0","0.00"
"036670","삼양케이씨아이","5890","-100","-1.67","905","6.51",,,"11666","0.50","250","4.24"
"272550","삼양패키징","10470","-500","-4.56","1156","9.06",,,"25622","0.41","500","4.78"
"000070","삼양홀딩스","62500","-1400","-2.19",,,,,"261061","0.24","3500","5.60"
"003720","삼영","12900","-580","-4.30","400","32.25",,,"2595","4.97","30","0.23"
"002810","삼영무역","21450","250","1.18","3325","6.45",,,"34228","0.63","1181","5.51"
"361670","삼영에스앤씨","3085","60","1.98",,,,,"3402","0.91","0","0.00"
"054540","삼영엠텍","12050","-360","-2.90","666","18.09",,,"6172","1.95","165","1.37"
"065570","삼영이엔씨","764","0","0.00","52","14.69",,,"1125","0.68","0","0.00"
"005680","삼영전자","13980","-470","-3.25","269","51.97","828","16.89","28401","0.49","300","2.15"
"023000","삼원강재","2365","-25","-1.05","269","8.79",,,"6511","0.36","110","4.65"
"004380","삼익THK","11460","-170","-1.46",,,,,"7604","1.51","50","0.44"
"002450","삼익악기","1260","19","1.53","232","5.43",,,"3698","0.34","50","3.97"
"014950","삼익제약","8000","-460","-5.44",,,,,"7503","1.07","40","0.50"
"032280","삼일","1363","-6","-0.44","62","21.98",,,"4143","0.33","40","2.93"
"002290","삼일기업공사","3915","-65","-1.63","551","7.11",,,"5910","0.66","225","5.75"
"004440","삼일씨엔에스","6740","-140","-2.03","117","57.61",,,"21058","0.32","0","0.00"
"000520","삼일제약","8770","-10","-0.11",,,,,"6277","1.40","0","0.00"
"009770","삼정펄프","30000","-500","-1.64","12556","2.39",,,"114819","0.26","1000","3.33"
"037460","삼지전자","35500","-750","-2.07","5030","7.06",,,"32565","1.09","550","1.55"
"032750","삼진","3415","-120","-3.39","431","7.92",,,"12237","0.28","90","2.64"
"0013V0","삼진식품","6590","-170","-2.51","743","8.87",,,"4222","1.56","0","0.00"
"054090","삼진엘앤디","1101","-37","-3.25",,,,,"1521","0.72","0","0.00"
"005500","삼진제약","17840","-230","-1.27","1963","9.09",,,"22942","0.78","800","4.48"
"000250","삼천당제약","415000","5500","1.34","226","1836.28",,,"11868","34.97","50","0.01"
"004690","삼천리","141200","-3300","-2.28","32566","4.34",,,"491062","0.29","3000","2.12"
"024950","삼천리자전거","4880","0","0.00","526","9.28",,,"8210","0.59","100","2.05"
"038500","삼표시멘트","13820","-390","-2.74","380","36.37",,,"7323","1.89","121","0.88"
"437730","삼현","53400","-3900","-6.81","307","173.94",,,"4168","12.81","50","0.09"
"017480","삼현철강","4760","30","0.63","411","11.58",,,"12759","0.37","300","6.30"
"010960","삼호개발","3780","-60","-1.56","838","4.51",,,"10609","0.36","200","5.29"
"046390","삼화네트웍스","991","0","0.00",,,,,"1489","0.67","0","0.00"
"004450","삼화왕관","27600","-100","-0.36","2345","11.77",,,"61829","0.45","1200","4.35"
"009470","삼화전기","40250","-1250","-3.01","1427","28.21",,,"14219","2.83","600","1.49"
"011230","삼화전자","2265","-25","-1.09",,,,,"1069","2.12","0","0.00"
"001820","삼화콘덴서","63500","-600","-0.94","1221","52.01","2124","29.89","26701","2.38","500","0.79"
"027580","상보","598","0","0.00",,,,,"769","0.78","0","0.00"
"038540","상상인","2055","-40","-1.91",,,,,"6994","0.29","0","0.00"
"001290","상상인증권","1204","-45","-3.60",,,,,"1839","0.65","0","0.00"
"041650","상신브레이크","2600","-65","-2.44",,,,,"10944","0.24","50","1.92"
"091580","상신이디피","24350","-1150","-4.51","151","161.26",,,"12012","2.03","100","0.41"
"263810","상신전자","2840","-90","-3.07","114","24.91",,,"3315","0.86","0","0.00"
"089980","상아프론테크","24150","-1150","-4.55","433","55.77","608","39.74","13041","1.85","200","0.83"
"042940","상지건설","9200","-450","-4.66",,,,,"14581","0.63","0","0.00"
"042600","새로닉스","19670","420","2.18",,,,,"7276","2.70","0","0.00"
"075180","새론오토모티브","2900","-95","-3.17",,,,,"12758","0.23","140","4.83"
"107600","새빗켐","26500","-1550","-5.53",,,,,"8056","3.29","0","0.00"
"411080","샌즈랩","7400","-650","-8.07",,,,,"3538","2.09","150","2.03"
"252990","샘씨엔에스","12210","-800","-6.15","264","46.25","585","20.86","2862","4.27","0","0.00"
"007540","샘표","48700","-1300","-2.60","4834","10.07",,,"107294","0.45","200","0.41"
"248170","샘표식품","25650","-600","-2.29","4368","5.87",,,"58052","0.44","200","0.78"
"378800","샤페론","1680","-30","-1.75",,,,,"535","3.14","0","0.00"
"294630","서남","4165","-115","-2.69",,,,,"369","11.29","0","0.00"
"038070","서린바이오","6040","-40","-0.66","83","72.77",,,"9559","0.63","100","1.66"
"006730","서부T&D","12870","-720","-5.30","1241","10.37","737","17.47","16666","0.77","100","0.78"
"079650","서산","1216","-39","-3.11",,,,,"3495","0.35","0","0.00"
"100660","서암기계공업","4295","35","0.82","95","45.21",,,"5313","0.81","10","0.23"
"007860","서연","8890","-210","-2.31","2575","3.45",,,"40447","0.22","250","2.81"
"200880","서연이화","14020","-240","-1.68","2220","6.32",,,"43348","0.32","250","1.78"
"019770","서연탑메탈","3895","-65","-1.64","798","4.88",,,"8648","0.45","65","1.67"
"017390","서울가스","61500","-1000","-1.60","7866","7.82",,,"284280","0.22","2750","4.47"
"092190","서울바이오시스","11790","-1820","-13.37",,,,,"1721","6.85","0","0.00"
"046890","서울반도체","16490","-570","-3.34",,,"264","62.36","10993","1.50","0","0.00"
"031210","서울보증보험","44900","-150","-0.33","3844","11.68",,,"74331","0.60","2865","6.38"
"004410","서울식품","158","0","0.00",,,,,"68","2.32","0","0.00"
"004415","서울식품우","1193","0","0.00",,,,,,,"0","0.00"
"063170","서울옥션","6460","-270","-4.01",,,,,"5836","1.11","0","0.00"
"027040","서울전자통신","480","0","0.00",,,,,"126","3.81","0","0.00"
"018680","서울제약","2600","0","0.00","65","40.00",,,"3521","0.74","0","0.00"
"036120","서울평가정보","1883","30","1.62","205","9.19",,,"951","1.98","80","4.25"
"021050","서원","1565","-22","-1.39",,,,,"3073","0.51","0","0.00"
"093920","서원인텍","5130","-70","-1.35","354","14.49",,,"11528","0.45","350","6.82"
"189860","서전기전","8520","-530","-5.86","715","11.92",,,"3959","2.15","0","0.00"
"178320","서진시스템","69100","1600","2.37",,,"2285","30.25","13127","5.26","0","0.00"
"122690","서진오토모티브","2150","-50","-2.27",,,,,"6516","0.33","0","0.00"
"140070","서플러스글로벌","2550","-130","-4.85",,,,,"5163","0.49","0","0.00"
"011370","서한","1019","-22","-2.11","294","3.47",,,"5428","0.19","50","4.91"
"065710","서호전기","44050","-200","-0.45","4588","9.60",,,"18120","2.43","6000","13.62"
"008490","서흥","18740","-620","-3.20","3911","4.79",,,"43882","0.43","500","2.67"
"035890","서희건설","2440","-205","-7.75","664","3.67",,,"5846","0.42","100","4.10"
"357550","석경에이티","55400","-2100","-3.65","699","79.26",,,"8109","6.83","0","0.00"
"003100","선광","26700","-100","-0.37","6290","4.24",,,"68798","0.39","450","1.69"
"007610","선도전기","14600","1730","13.44","312","46.79",,,"2105","6.94","0","0.00"
"067370","선바이오","7760","-240","-3.00","229","33.89",,,"2373","3.27","0","0.00"
"171090","선익시스템","91100","1100","1.22","10959","8.31","10208","8.92","16300","5.59","1000","1.10"
"136490","선진","10240","-140","-1.35","5002","2.05",,,"23678","0.43","200","1.95"
"086710","선진뷰티사이언스","10310","-280","-2.64","496","20.79",,,"7045","1.46","200","1.94"
"014620","성광벤드","36550","-2050","-5.31","1297","28.18","1937","18.87","20691","1.77","200","0.55"
"037350","성도이엔지","11530","-470","-3.92","1982","5.82",,,"19295","0.60","250","2.17"
"014910","성문전자","2535","585","30.00","96","26.41",,,"2047","1.24","5","0.20"
"014915","성문전자우","5850","1350","30.00",,,,,,,"10","0.17"
"004980","성신양회","10380","-190","-1.80","1044","9.94",,,"23623","0.44","350","3.37"
"004985","성신양회우","11240","-30","-0.27",,,,,,,"400","3.56"
"458650","성우","13080","-450","-3.33","316","41.39",,,"14759","0.89","300","2.29"
"081580","성우전자","2870","-200","-6.51","814","3.53",,,"7430","0.39","50","1.74"
"045300","성우테크론","3310","-20","-0.60","465","7.12",,,"7311","0.45","20","0.60"
"015750","성우하이텍","8730","-150","-1.69","2110","4.14",,,"21208","0.41","200","2.29"
"365340","성일하이텍","70800","-1900","-2.61",,,"421","168.29","10382","6.82","0","0.00"
"000180","성창기업지주","6340","-290","-4.37",,,,,"48555","0.13","0","0.00"
"080470","성창오토텍","4040","-50","-1.22","1163","3.47",,,"8274","0.49","70","1.73"
"043260","성호전자","47700","-400","-0.83","1343","35.52",,,"3536","13.49","0","0.00"
"148150","세경하이테크","4390","-90","-2.01","1409","3.12",,,"4921","0.89","100","2.28"
"002420","세기상사","5140","70","1.38",,,,,"4112","1.25","0","0.00"
"061090","세나테크놀로지","50800","1600","3.25","3280","15.49","2911","17.45","31550","1.61","0","0.00"
"188260","세니젠","2155","-15","-0.69",,,,,"349","6.17","0","0.00"
"053060","세동","1359","-70","-4.90","333","4.08",,,"2282","0.60","0","0.00"
"340440","세림B&G","1818","47","2.65","66","27.55",,,"1267","1.43","0","0.00"
"017510","세명전기","14190","-680","-4.57","837","16.95",,,"5911","2.40","220","1.55"
"490470","세미파이브","38850","-1000","-2.51",,,,,"6513","5.96","0","0.00"
"004360","세방","15220","-680","-4.28","3011","5.05",,,"54806","0.28","300","1.97"
"004365","세방우","10300","-250","-2.37",,,,,,,"305","2.96"
"004490","세방전지","61800","-1900","-2.98","10646","5.80",,,"121686","0.51","2650","4.29"
"011560","세보엠이씨","21250","-1750","-7.61","3612","5.88",,,"27833","0.76","600","2.82"
"396300","세아메카닉스","6050","-400","-6.20","54","112.04",,,"2803","2.16","0","0.00"
"001430","세아베스틸지주","67200","-5800","-7.95","1567","42.88","2734","24.58","54192","1.24","1200","1.79"
"306200","세아제강","156000","-7100","-4.35","10714","14.56","17696","8.82","400720","0.39","5500","3.53"
"003030","세아제강지주","185400","-10400","-5.31","15656","11.84","29437","6.30","510476","0.36","1800","0.97"
"058650","세아홀딩스","145200","-4900","-3.26","16587","8.75","21299","6.82","569956","0.25","4300","2.96"
"013000","세우글로벌","1565","132","9.21","130","12.04",,,"1907","0.82","0","0.00"
"100700","세운메디칼","2525","-60","-2.32","279","9.05",,,"3584","0.70","70","2.77"
"024830","세원물산","10430","-310","-2.89","2230","4.68",,,"47436","0.22","200","1.92"
"021820","세원정공","14450","-670","-4.43","4646","3.11",,,"63677","0.23","200","1.38"
"067830","세이브존I&C","2915","-65","-2.18","205","14.22",,,"13059","0.22","30","1.03"
"258830","세종메디칼","412","0","0.00",,,,,"344","1.20","0","0.00"
"036630","세종텔레콤","10290","720","7.52","316","32.56",,,"17031","0.60","300","2.92"
"039310","세중","1403","9","0.65",,,,,"5478","0.26","0","0.00"
"075580","세진중공업","18170","-900","-4.72","891","20.39","981","18.53","4019","4.52","225","1.24"
"067770","세진티에스","2160","-45","-2.04","86","25.12",,,"5731","0.38","0","0.00"
"053450","세코닉스","5190","-160","-2.99","327","15.87",,,"9657","0.54","0","0.00"
"252500","세화피앤씨","805","-8","-0.98","28","28.75",,,"974","0.83","10","1.24"
"321370","센서뷰","3330","-185","-5.26",,,,,"289","11.52","0","0.00"
"347000","센코","2300","-105","-4.37","148","15.54",,,"1553","1.48","0","0.00"
"331920","셀레믹스","13760","-90","-0.65",,,,,"2819","4.88","0","0.00"
"352770","셀레스트라","5250","0","0.00",,,,,,,"0","0.00"
"471820","셀로맥스사이언스","4875","70","1.46","264","18.47",,,"4202","1.16","185","3.79"
"049180","셀루메드","1009","0","0.00",,,,,"153","6.59","0","0.00"
"299660","셀리드","3360","105","3.23",,,,,"2515","1.34","0","0.00"
"108860","셀바스AI","11920","-680","-5.40",,,,,"4090","2.91","0","0.00"
"208370","셀바스헬스케어","3915","-115","-2.85","151","25.93",,,"2766","1.42","0","0.00"
"318160","셀바이오휴먼텍","7810","-70","-0.89","1059","7.37",,,"6775","1.15","0","0.00"
"308430","셀비온","28150","0","0.00",,,,,"1776","15.85","0","0.00"
"068270","셀트리온","193300","2000","1.05","4668","41.41","6977","27.71","78717","2.46","750","0.39"
"068760","셀트리온제약","52700","900","1.74","875","60.23",,,"9844","5.35","200","0.38"
"068940","셀피글로벌","778","0","0.00",,,,,"226","3.44","0","0.00"
"007720","소노스퀘어","381","-7","-1.80",,,,,"745","0.51","0","0.00"
"290690","소룩스","3160","-120","-3.66",,,,,"1865","1.69","0","0.00"
"032680","소프트센","268","0","0.00",,,,,"486","0.55","0","0.00"
"032685","소프트센우","6270","0","0.00",,,,,,,"0","0.00"
"258790","소프트캠프","1718","0","0.00","158","10.87",,,"644","2.67","0","0.00"
"066910","손오공","680","0","0.00","14","48.57",,,"728","0.93","0","0.00"
"215090","솔디펜스","2490","-140","-5.32","137","18.18",,,"2255","1.10","0","0.00"
"336370","솔루스첨단소재","11690","-590","-4.80",,,"459","25.45","7584","1.54","10","0.09"
"33637K","솔루스첨단소재1우","2150","-230","-9.66",,,,,,,"11","0.51"
"33637L","솔루스첨단소재2우B","3350","-130","-3.74",,,,,,,"10","0.30"
"248070","솔루엠","21100","-50","-0.24","281","75.09","1244","16.97","9997","2.11","75","0.36"
"035610","솔본","3540","-100","-2.75","814","4.35",,,"7775","0.46","0","0.00"
"357780","솔브레인","426500","-40000","-8.57","10285","41.47","22298","19.13","137853","3.09","2350","0.55"
"036830","솔브레인홀딩스","61000","-2200","-3.48","24137","2.53",,,"86410","0.71","500","0.82"
"304100","솔트룩스","20700","-850","-3.94",,,,,"5600","3.70","0","0.00"
"328380","솔트웨어","3915","-510","-11.53","125","31.32",,,"3450","1.13","0","0.00"
"004430","송원산업","12570","-310","-2.41","97","129.59",,,"31671","0.40","300","2.39"
"086980","쇼박스","2900","-15","-0.51",,,,,"1721","1.69","0","0.00"
"017550","수산세보틱스","3085","-150","-4.64","254","12.15",,,"3199","0.96","10","0.32"
"050960","수산아이앤티","9200","-120","-1.29","774","11.89",,,"13514","0.68","310","3.37"
"126720","수산인더스트리","31050","-1150","-3.57","3475","8.94",,,"39100","0.79","900","2.90"
"084180","수성웹툰","1071","-18","-1.65",,,,,"4306","0.25","0","0.00"
"253840","수젠텍","6850","800","13.22",,,,,"4991","1.37","0","0.00"
"298830","슈어소프트테크","7750","-520","-6.29","164","47.26",,,"2019","3.84","0","0.00"
"236200","슈프리마","47950","-1900","-3.81","4662","10.29","5853","8.19","38917","1.23","0","0.00"
"094840","슈프리마에이치큐","11600","-610","-5.00","1429","8.12","1624","7.14","24654","0.47","0","0.00"
"192440","슈피겐코리아","26800","650","2.49","4967","5.40",,,"91806","0.29","500","1.87"
"424960","스마트레이더시스템","6910","-360","-4.95",,,,,"1160","5.96","0","0.00"
"099440","스맥","4120","120","3.00",,,,,"1435","2.87","0","0.00"
"066590","스모트로닉","2440","-145","-5.61",,,,,"2034","1.20","0","0.00"
"053210","스카이라이프","4545","-110","-2.36","147","30.92","404","11.25","11465","0.40","350","7.70"
"276040","스코넥","327","0","0.00",,,,,"609","0.54","0","0.00"
"060240","스타코링크","1976","0","0.00",,,,,"2","988.00","0","0.00"
"115570","스타플렉스","2805","-95","-3.28","440","6.38",,,"9029","0.31","100","3.57"
"078860","스테이지원엔터","4715","15","0.32",,,,,"11490","0.41","0","0.00"
"330730","스톤브릿지벤처스","6300","-240","-3.67","637","9.89",,,"5362","1.17","300","4.76"
"352090","스톰테크","3965","0","0.00","380","10.43",,,"3491","1.14","450","11.35"
"253450","스튜디오드래곤","29850","-800","-2.61","343","87.03","1353","22.06","26623","1.12","0","0.00"
"408900","스튜디오미르","2490","-50","-1.97",,,,,"1167","2.13","0","0.00"
"415380","스튜디오삼익","2130","-5","-0.23","244","8.73",,,"3174","0.67","100","4.69"
"026890","스틱인베스트먼트","9190","-260","-2.75","417","22.04",,,"7052","1.30","0","0.00"
"013810","스페코","2540","-110","-4.15",,,,,"3023","0.84","0","0.00"
"347700","스피어","43150","-3800","-8.09","5","8630.00","435","99.14","1484","29.08","0","0.00"
"049830","승일","7060","-170","-2.35","426","16.57",,,"25458","0.28","150","2.12"
"020710","시공테크","4490","-135","-2.92","1617","2.78",,,"9842","0.46","339","7.55"
"033170","시그네틱스","810","-20","-2.41",,,,,"609","1.33","0","0.00"
"048870","시너지이노베이션","1938","-27","-1.37","35","55.37",,,"2401","0.81","0","0.00"
"025320","시노펙스","5250","-240","-4.37","80","65.63",,,"1867","2.81","0","0.00"
"134790","시디즈","18570","-470","-2.47",,,,,"37349","0.50","0","0.00"
"340810","시선AI","3000","-75","-2.44",,,,,"1126","2.66","0","0.00"
"269620","시스웍","889","0","0.00",,,,,,,"0","0.00"
"056090","시지메드텍","1700","-35","-2.02","63","26.98","95","17.98","910","1.87","0","0.00"
"429270","시지트로닉스","9290","-280","-2.93",,,,,"3429","2.71","0","0.00"
"418250","시큐레터","6550","0","0.00",,,,,"502","13.05","0","0.00"
"131090","시큐브","3950","-40","-1.00","614","6.43",,,"6487","0.61","150","3.80"
"462870","시프트업","30150","-1250","-3.98","3293","9.16","2353","12.81","15882","1.90","0","0.00"
"016590","신대양제지","11440","-440","-3.70","770","14.86",,,"20359","0.56","225","1.97"
"290520","신도기연","2720","50","1.87","114","23.86",,,"3766","0.72","0","0.00"
"029530","신도리코","46700","-1850","-3.81","2330","20.04",,,"124856","0.37","1000","2.14"
"004970","신라교역","9400","-90","-0.95","294","31.97",,,"38108","0.25","500","5.32"
"001000","신라섬유","1506","-3","-0.20","3","502.00",,,"596","2.53","0","0.00"
"025870","신라에스지","4040","-90","-2.18",,,,,"3529","1.14","0","0.00"
"215600","신라젠","3300","-25","-0.75",,,,,"797","4.14","0","0.00"
"065350","신성델타테크","51000","-2100","-3.95","797","63.99",,,"9059","5.63","120","0.24"
"416180","신성에스티","33850","-2200","-6.10","62","545.97",,,"11704","2.89","200","0.59"
"011930","신성이엔지","3995","0","0.00",,,"131","30.42","1147","3.48","0","0.00"
"004170","신세계","441500","-4000","-0.90","1590","277.67","31194","14.15","508154","0.87","5200","1.18"
"035510","신세계 I&C","19180","-50","-0.26","2156","8.90",,,"32954","0.58","560","2.92"
"031430","신세계인터내셔날","14380","-190","-1.30","123","116.91","1453","9.89","24118","0.60","400","2.78"
"031440","신세계푸드","52000","-4300","-7.64","20097","2.59",,,"98997","0.53","900","1.73"
"006880","신송홀딩스","6460","-60","-0.92","337","19.17",,,"9983","0.65","120","1.86"
"162300","신스틸","1708","-60","-3.39","33","51.76",,,"2089","0.82","21","1.23"
"002800","신신제약","5410","-70","-1.28","613","8.83",,,"4933","1.10","80","1.48"
"472220","신영스팩10호","2130","0","0.00",,,,,,,"0","0.00"
"0091W0","신영스팩11호","2060","-5","-0.24",,,,,,,"0","0.00"
"005800","신영와코루","13970","-470","-3.25","697","20.04",,,"43200","0.32","175","1.25"
"001720","신영증권","186500","-11300","-5.71","13618","13.70",,,"227883","0.82","5000","2.68"
"009270","신원","1268","-40","-3.06",,,,,"2556","0.50","50","3.94"
"017000","신원종합개발","2835","-115","-3.90","434","6.53",,,"10013","0.28","0","0.00"
"002700","신일전자","1366","-11","-0.80","61","22.39",,,"1221","1.12","20","1.46"
"012790","신일제약","5920","-40","-0.67","651","9.09",,,"13180","0.45","190","3.21"
"138070","신진에스엠","1711","-65","-3.66",,,,,"4577","0.37","30","1.75"
"226330","신테카바이오","2700","-60","-2.17",,,,,"1310","2.06","0","0.00"
"002870","신풍","1025","-45","-4.21","72","14.24",,,"2658","0.39","0","0.00"
"019170","신풍제약","11130","10","0.09","172","64.71",,,"5267","2.11","0","0.00"
"019175","신풍제약우","18830","-740","-3.78",,,,,,,"0","0.00"
"474660","신한제12호스팩","2045","-5","-0.24",,,,,,,"0","0.00"
"474930","신한제13호스팩","2095","-15","-0.71",,,,,,,"0","0.00"
"487360","신한제14호스팩","2025","0","0.00",,,,,,,"0","0.00"
"487830","신한제15호스팩","2050","10","0.49",,,,,,,"0","0.00"
"496070","신한제16호스팩","2015","10","0.50",,,,,,,"0","0.00"
"0130D0","신한제17호스팩","1989","-9","-0.45",,,,,,,"0","0.00"
"0129K0","신한제18호스팩","1986","-6","-0.30",,,,,,,"0","0.00"
"055550","신한지주","96700","-500","-0.51","9812","9.86","11877","8.14","121468","0.80","2590","2.68"
"056700","신화인터텍","1778","-51","-2.79","116","15.33",,,"3366","0.53","0","0.00"
"187270","신화콘텍","3655","-70","-1.88","337","10.85",,,"7740","0.47","50","1.37"
"095190","신화프리텍","2365","90","3.96",,,,,"1661","1.42","0","0.00"
"004080","신흥","13910","0","0.00","311","44.73",,,"12292","1.13","330","2.37"
"243840","신흥에스이씨","9150","-420","-4.39",,,"302","30.28","7821","1.17","0","0.00"
"257720","실리콘투","41700","-2550","-5.76","2756","15.13","3617","11.53","6976","5.98","306","0.73"
"222800","심텍","111500","-2600","-2.28",,,"3982","28.00","15419","7.23","100","0.09"
"036710","심텍홀딩스","5510","-280","-4.84",,,,,"485","11.36","10","0.18"
"444530","심플랫폼","10520","260","2.53",,,,,"2315","4.54","0","0.00"
"234030","싸이닉솔루션","6380","-260","-3.92","79","80.76",,,"1548","4.12","0","0.00"
"160980","싸이맥스","35850","-2150","-5.66","1425","25.16",,,"17779","2.02","400","1.12"
"356890","싸이버원","3560","-70","-1.93",,,,,"3342","1.07","35","0.98"
"217330","싸이토젠","5370","-30","-0.56",,,,,"1538","3.49","0","0.00"
"004770","써니전자","1687","-39","-2.26","101","16.70",,,"2388","0.71","35","2.07"
"208640","썸에이지","177","-4","-2.21",,,,,"93","1.90","0","0.00"
"222420","쎄노텍","1499","-51","-3.29","30","49.97",,,"815","1.84","0","0.00"
"037760","쎄니트","2345","10","0.43",,,,,"2744","0.85","50","2.13"
"081180","쎄크","12000","-820","-6.40",,,"550","21.84","4016","2.99","0","0.00"
"099320","쎄트렉아이","163600","-15400","-8.60","1396","117.19","1786","91.61","22735","7.20","100","0.06"
"049960","쎌바이오텍","16890","-200","-1.17","1479","11.42",,,"19234","0.88","600","3.55"
"088280","쏘닉스","6680","-190","-2.77",,,,,"2018","3.31","0","0.00"
"403550","쏘카","13190","-320","-2.37",,,"532","24.79","5020","2.63","92","0.70"
"050890","쏠리드","17400","-750","-4.13","610","28.52","639","27.23","5886","2.96","50","0.29"
"394800","쓰리빌리언","11340","100","0.89",,,"8","1481.24","743","15.26","0","0.00"
"177900","쓰리에이로직스","7080","-170","-2.34",,,,,"4924","1.44","0","0.00"
"475400","씨메스로보틱스","31850","-2800","-8.08",,,,,"5040","6.32","0","0.00"
"109670","씨싸이트","4590","100","2.23",,,,,"9236","0.50","0","0.00"
"066790","씨씨에스","1493","0","0.00",,,,,"420","3.55","0","0.00"
"222080","씨아이에스","15120","-550","-3.51","371","40.75",,,"6562","2.30","0","0.00"
"004920","씨아이테크","1099","-69","-5.91","290","3.79",,,"1403","0.78","0","0.00"
"352480","씨앤씨인터내셔널","25000","-1650","-6.19","1329","18.81","1911","13.08","26036","0.96","0","0.00"
"264660","씨앤지하이테크","22150","-1050","-4.53","2078","10.66",,,"15198","1.46","550","2.48"
"352700","씨앤투스","1945","-7","-0.36",,,,,"6082","0.32","50","2.57"
"458870","씨어스","41100","-900","-2.14","427","96.25","1351","30.42","1042","39.44","0","0.00"
"297090","씨에스베어링","7020","-170","-2.36","412","17.04","559","12.57","3703","1.90","0","0.00"
"112610","씨에스윈드","57700","-1800","-3.03","837","68.94","4810","11.99","27826","2.07","1000","1.73"
"359090","씨엔알리서치","693","-12","-1.70","45","15.40",,,"860","0.81","10","1.44"
"115530","씨엔플러스","336","0","0.00",,,,,"100","3.36","0","0.00"
"388210","씨엠티엑스","124400","-5300","-4.09",,,"7779","15.99","19207","6.48","0","0.00"
"115480","씨유메디칼","548","0","0.00","14","39.14",,,"986","0.56","0","0.00"
"376290","씨유테크","2755","-25","-0.90","77","35.78",,,"6479","0.43","24","0.87"
"189330","씨이랩","8480","1330","18.60",,,,,"2678","3.17","0","0.00"
"096530","씨젠","28000","-250","-0.88","1047","26.74","1893","14.79","22020","1.27","1000","3.57"
"480370","씨케이솔루션","2510","-75","-2.90",,,,,"2264","1.11","0","0.00"
"101240","씨큐브","3845","-80","-2.04","895","4.30",,,"10637","0.36","0","0.00"
"060590","씨티씨바이오","4200","635","17.81","136","30.88",,,"3042","1.38","0","0.00"
"308170","씨티알모빌리티","4980","-80","-1.58",,,,,"10128","0.49","0","0.00"
"260930","씨티케이","3470","-35","-1.00",,,,,"7851","0.44","110","3.17"
"413630","씨피시스템","3540","-100","-2.75","54","65.56",,,"1194","2.96","60","1.69"
"013990","아가방컴퍼니","5000","-150","-2.91","417","11.99",,,"6452","0.77","0","0.00"
"123860","아나패스","17460","-440","-2.46","224","77.95",,,"6221","2.81","250","1.43"
"025980","아난티","6610","-80","-1.20",,,,,"7660","0.86","0","0.00"
"008700","아남전자","1363","3","0.22","71","19.20",,,"1735","0.79","0","0.00"
"0015N0","아로마티카","8410","-550","-6.14","442","19.03",,,"3380","2.49","0","0.00"
"125210","아모그린텍","13730","-290","-2.07","357","38.46","903","15.20","4917","2.79","0","0.00"
"090430","아모레퍼시픽","123200","-4700","-3.67","3416","36.07","5376","22.92","78989","1.56","1240","1.01"
"090435","아모레퍼시픽우","45300","-100","-0.22",,,,,,,"1245","2.75"
"002790","아모레퍼시픽홀딩스","25500","-1200","-4.49","1361","18.74",,,"38797","0.66","400","1.57"
"00279K","아모레퍼시픽홀딩스3우C","22650","-650","-2.79",,,,,,,"667","2.94"
"002795","아모레퍼시픽홀딩스우","11220","-530","-4.51",,,,,,,"405","3.61"
"357580","아모센스","17690","-500","-2.75","44","402.05","932","18.98","3833","4.62","0","0.00"
"052710","아모텍","20300","400","2.01","542","37.45","1338","15.17","10688","1.90","0","0.00"
"074430","아미노로직스","1236","-54","-4.19","40","30.90",,,"638","1.94","0","0.00"
"092040","아미코젠","1650","-49","-2.88",,,,,"1703","0.97","0","0.00"
"083930","아바코","14490","-490","-3.27","1987","7.29",,,"15532","0.93","500","3.45"
"149950","아바텍","13420","-580","-4.14","506","26.52","970","13.83","11122","1.21","200","1.49"
"036010","아비코전자","9780","-470","-4.59","716","13.66",,,"8782","1.11","30","0.31"
"002030","아세아","226500","-14500","-6.02","18725","12.10",,,"722172","0.31","5600","2.47"
"183190","아세아시멘트","11140","-190","-1.68","463","24.06","1392","8.01","30144","0.37","250","2.24"
"002310","아세아제지","8300","-200","-2.35","758","10.95",,,"22004","0.38","250","3.01"
"050860","아세아텍","2010","-70","-3.37","143","14.06",,,"6756","0.30","50","2.49"
"012170","아센디오","1149","-60","-4.96",,,,,"667","1.72","0","0.00"
"136410","아셈스","6610","-190","-2.79","834","7.93",,,"6767","0.98","130","1.97"
"246720","아스타","6070","0","0.00",,,,,"608","9.98","0","0.00"
"450950","아스테라시스","10680","-10","-0.09","250","42.72","505","21.17","1247","8.56","106","0.99"
"067390","아스트","713","-35","-4.68",,,,,"761","0.94","0","0.00"
"159010","아스플로","14790","-1330","-8.25",,,,,"3589","4.12","0","0.00"
"127710","아시아경제","1241","-60","-4.61","92","13.49",,,"2736","0.45","0","0.00"
"267850","아시아나IDT","10440","-40","-0.38","1138","9.17",,,"15701","0.66","500","4.79"
"020560","아시아나항공","6810","-170","-2.44",,,,,"3623","1.88","0","0.00"
"154030","아시아종묘","1895","-29","-1.51",,,,,"1998","0.95","0","0.00"
"227610","아우딘퓨쳐스","794","0","0.00",,,,,"578","1.37","0","0.00"
"331740","아우토크립트","13470","-250","-1.82",,,,,"3227","4.17","0","0.00"
"143160","아이디스","17240","-160","-0.92","1745","9.88",,,"24487","0.70","400","2.32"
"054800","아이디스홀딩스","15550","-720","-4.43","5126","3.03",,,"42672","0.36","300","1.93"
"332370","아이디피","5160","-120","-2.27","857","6.02",,,"5785","0.89","170","3.29"
"066430","아이로보틱스","2650","350","15.22","43","61.63",,,"1126","2.35","0","0.00"
"122900","아이마켓코리아","7440","-140","-1.85","666","11.17",,,"11758","0.63","450","6.05"
"339950","아이비김영","2590","-40","-1.52","478","5.42","506","5.12","1702","1.52","300","11.58"
"469750","아이비젼웍스","1311","-98","-6.96",,,,,"1050","1.25","0","0.00"
"460470","아이빔테크놀로지","4420","-325","-6.85",,,,,"1828","2.42","0","0.00"
"099190","아이센스","19030","-480","-2.46",,,"195","97.41","11419","1.67","100","0.53"
"461300","아이스크림미디어","17590","-370","-2.06","3893","4.52",,,"16098","1.09","1554","8.83"
"289010","아이스크림에듀","1550","12","0.78",,,,,"3052","0.51","0","0.00"
"214430","아이쓰리시스템","91400","-4400","-4.59","2657","34.40",,,"19122","4.78","450","0.49"
"040910","아이씨디","5630","-520","-8.46",,,,,"6033","0.93","0","0.00"
"368600","아이씨에이치","1025","-55","-5.09",,,,,"1398","0.73","0","0.00"
"456010","아이씨티케이","20900","-650","-3.02",,,"426","49.04","3161","6.61","0","0.00"
"052860","아이앤씨","6900","-90","-1.29","281","24.56",,,"2140","3.22","0","0.00"
"464500","아이언디바이스","3585","-225","-5.91",,,,,"1908","1.88","0","0.00"
"010780","아이에스동서","24050","-1050","-4.18",,,"2847","8.45","41857","0.57","500","2.08"
"212710","아이에스티이","10170","240","2.42",,,,,"2184","4.66","0","0.00"
"038880","아이에이","1012","18","1.81",,,,,"1420","0.71","0","0.00"
"307180","아이엘","8690","800","10.14",,,,,"645","13.47","0","0.00"
"101390","아이엠","396","0","0.00",,,,,"352","1.13","0","0.00"
"493280","아이엠바이오로직스","39150","250","0.64","128","305.86",,,"5770","6.79","0","0.00"
"461030","아이엠비디엑스","6120","-200","-3.16",,,,,"1795","3.41","0","0.00"
"451220","아이엠티","15330","-1670","-9.82","124","123.63",,,"3921","3.91","0","0.00"
"090150","아이윈","848","-30","-3.42","217","3.91",,,"1162","0.73","0","0.00"
"031310","아이즈비전","1678","-100","-5.62","382","4.39",,,"6097","0.28","0","0.00"
"462980","아이지넷","2090","-60","-2.79","142","14.72",,,"1212","1.72","0","0.00"
"185490","아이진","1390","-40","-2.80",,,,,"1322","1.05","0","0.00"
"059100","아이컴포넌트","5540","330","6.33","922","6.01",,,"6864","0.81","150","2.71"
"262840","아이퀘스트","3470","10","0.29","552","6.29",,,"5212","0.67","140","4.03"
"175250","아이큐어","2170","0","0.00",,,,,"705","3.08","0","0.00"
"052460","아이크래프트","3500","-665","-15.97","842","4.16",,,"3826","0.91","100","2.86"
"119830","아이텍","6760","-170","-2.45",,,,,"7422","0.91","0","0.00"
"052770","아이톡시","312","0","0.00",,,,,"305","1.02","0","0.00"
"124500","아이티센글로벌","54600","-2000","-3.53","2010","27.16",,,"5404","10.10","0","0.00"
"031820","아이티센씨티에스","8580","-960","-10.06","4360","1.97",,,"18920","0.45","0","0.00"
"010280","아이티센엔텍","6610","-60","-0.90","1772","3.73","2125","3.11","7642","0.86","0","0.00"
"232830","아이티센피엔에스","5210","80","1.56",,,,,"962","5.42","0","0.00"
"372800","아이티아이즈","3800","-125","-3.18",,,,,"1507","2.52","0","0.00"
"084850","아이티엠반도체","16310","-1100","-6.32",,,,,"4375","3.73","0","0.00"
"309710","아이티켐","21000","0","0.00",,,,,"5224","4.02","0","0.00"
"114840","아이패밀리에스씨","9460","-430","-4.35","1273","7.43","1517","6.24","6134","1.54","299","3.16"
"027360","아주IB투자","16850","-750","-4.26","70","240.71",,,"2227","7.57","70","0.42"
"139990","아주스틸","3400","-230","-6.34",,,,,"3813","0.89","0","0.00"
"032080","아즈텍WB","1191","-98","-7.60","44","27.07",,,"5109","0.23","0","0.00"
"013310","아진산업","3940","-230","-5.52","598","6.59",,,"8952","0.44","100","2.54"
"059120","아진엑스텍","12970","-500","-3.71","46","281.96",,,"2254","5.75","0","0.00"
"009320","아진전자부품","1092","42","4.00","88","12.41",,,"676","1.62","0","0.00"
"0007C0","아크릴","34600","1500","4.53",,,"803","43.11","5448","6.35","0","0.00"
"203690","아크솔루션스","4425","0","0.00",,,,,"1299","3.41","0","0.00"
"158430","아톤","7610","-240","-3.06","66","115.30","521","14.60","4089","1.86","50","0.66"
"200350","아티스트스튜디오","4350","-180","-3.97",,,,,"4955","0.88","0","0.00"
"321820","아티스트컴퍼니","3930","-190","-4.61","86","45.70",,,"2619","1.50","0","0.00"
"001540","안국약품","8000","220","2.83","658","12.16",,,"14551","0.55","633","7.91"
"053800","안랩","64500","500","0.78","5714","11.29",,,"41556","1.55","1400","2.17"
"065660","안트로젠","31300","-600","-1.88",,,,,"8739","3.58","0","0.00"
"297570","알로이스","1552","-79","-4.84","143","10.85",,,"1339","1.16","0","0.00"
"001780","알루코","2790","-75","-2.62","160","17.44",,,"3371","0.83","0","0.00"
"260660","알리코제약","3305","-30","-0.90",,,,,"5209","0.63","75","2.27"
"354320","알멕","78800","-5200","-6.19",,,"979","80.51","23535","3.35","0","0.00"
"361570","알비더블유","1765","-90","-4.85",,,,,"2086","0.85","0","0.00"
"131370","알서포트","2260","-80","-3.42","34","66.47",,,"1857","1.22","10","0.44"
"140670","알에스오토메이션","16580","-1120","-6.33",,,,,"4565","3.63","0","0.00"
"096610","알에프세미","2965","0","0.00","98","30.26",,,"829","3.58","0","0.00"
"061040","알에프텍","1937","0","0.00",,,,,"6121","0.32","0","0.00"
"148250","알엔투테크놀로지","3180","-100","-3.05",,,,,"4160","0.76","0","0.00"
"123010","알엔티엑스","2005","95","4.97",,,,,"815","2.46","0","0.00"
"476830","알지노믹스","171800","5100","3.06",,,,,"4225","40.66","0","0.00"
"347860","알체라","2325","10","0.43",,,,,"578","4.02","0","0.00"
"196170","알테오젠","342000","17000","5.23","2653","128.91","7046","48.54","8257","41.42","371","0.11"
"123750","알톤","2050","5","0.24","17","120.59",,,"1593","1.29","0","0.00"
"459550","알트","2350","-145","-5.81","223","10.54","517","4.55","1928","1.22","0","0.00"
"085810","알티캐스트","2100","5","0.24",,,,,"4130","0.51","0","0.00"
"043100","알파AI","520","0","0.00",,,,,"1540","0.34","0","0.00"
"117670","알파칩스","18240","-860","-4.50",,,,,"6356","2.87","0","0.00"
"314140","알피바이오","5870","-10","-0.17","541","10.85",,,"12393","0.47","50","0.85"
"291650","압타머사이언스","1211","-80","-6.20",,,,,"686","1.77","0","0.00"
"293780","압타바이오","7220","-130","-1.77",,,,,"1680","4.30","0","0.00"
"018250","애경산업","13410","-920","-6.42","604","22.20","716","18.72","15841","0.85","200","1.49"
"161000","애경케미칼","13700","-780","-5.39",,,,,"14790","0.93","140","1.02"
"310200","애니플러스","2655","65","2.51","250","10.62",,,"2310","1.15","93","3.50"
"179530","애드바이오텍","2700","20","0.75",,,,,"937","2.88","0","0.00"
"397810","애드포러스","6000","-140","-2.28",,,,,"8705","0.69","250","4.17"
"0011A0","액스비스","23100","-2200","-8.70","734","31.47",,,"4036","5.72","0","0.00"
"052790","액토즈소프트","5150","-140","-2.65","2899","1.78",,,"23519","0.22","0","0.00"
"290740","액트로","18000","80","0.45","802","22.44",,,"7978","2.26","100","0.56"
"238090","앤디포스","3450","-10","-0.29","230","15.00",,,"4190","0.82","0","0.00"
"138360","앤로보틱스","3450","-120","-3.36","136","25.37",,,"1110","3.11","0","0.00"
"092600","앤씨앤","987","0","0.00","509","1.94",,,"1595","0.62","0","0.00"
"129890","앱코","1021","-17","-1.64","141","7.24",,,"1364","0.75","174","17.04"
"174900","앱클론","43200","-750","-1.71",,,,,"2954","14.62","0","0.00"
"109960","앱토크롬","153","0","0.00",,,,,"1389","0.11","0","0.00"
"270520","앱튼","1445","-18","-1.23",,,,,"4840","0.30","0","0.00"
"255440","야스","10610","-250","-2.30",,,,,"11182","0.95","0","0.00"
"030960","양지사","6360","-10","-0.16",,,,,"13435","0.47","50","0.79"
"102120","어보브반도체","13060","-560","-4.11","613","21.31",,,"7205","1.81","200","1.53"
"238120","얼라인드","4160","5","0.12","206","20.19",,,"2643","1.57","0","0.00"
"019990","에너토크","9620","-420","-4.18",,,,,"3958","2.43","100","1.04"
"011090","에넥스","428","0","0.00",,,,,"691","0.62","0","0.00"
"435570","에르코스","9570","-330","-3.33",,,,,"7124","1.34","130","1.36"
"270660","에브리봇","17570","-710","-3.88",,,,,"4906","3.58","0","0.00"
"038680","에스넷","4540","-195","-4.12","249","18.23",,,"5721","0.79","100","2.20"
"137310","에스디바이오센서","7950","-160","-1.97",,,,,"19476","0.41","200","2.52"
"217480","에스디생명공학","499","0","0.00",,,,,"268","1.86","0","0.00"
"121890","에스디시스템","2230","-195","-8.04","96","23.23",,,"901","2.48","0","0.00"
"304360","에스바이오메딕스","32300","-100","-0.31",,,,,"710","45.49","0","0.00"
"389500","에스비비테크","103300","13300","14.78",,,,,"1974","52.33","0","0.00"
"042110","에스씨디","1507","-8","-0.53","132","11.42",,,"2824","0.53","50","3.32"
"065420","에스아이리소스","277","11","4.14",,,,,"135","2.05","0","0.00"
"103230","에스앤더블류","3800","-145","-3.68","504","7.54",,,"7428","0.51","0","0.00"
"260970","에스앤디","53000","-1800","-3.28","7124","7.44",,,"29812","1.78","1790","3.38"
"101490","에스앤에스텍","84600","-3800","-4.30","2797","30.25",,,"14549","5.81","200","0.24"
"095910","에스에너지","2105","-50","-2.32",,,,,"1314","1.60","0","0.00"
"275630","에스에스알","4050","-50","-1.22",,,,,"4696","0.86","0","0.00"
"031330","에스에이엠티","9040","-50","-0.55","777","11.63",,,"4983","1.81","230","2.54"
"060540","에스에이티","1363","-11","-0.80","30","45.43",,,"3949","0.35","50","3.67"
"056190","에스에프에이","30650","-400","-1.29","1916","16.00","3125","9.81","32160","0.95","950","3.10"
"0008Z0","에스엔시스","38750","-1850","-4.56","2169","17.87","2252","17.21","18298","2.12","478","1.23"
"005850","에스엘","64700","-3300","-4.85","6749","9.59","8363","7.74","55423","1.17","2770","4.28"
"246250","에스엘에스바이오","1969","0","0.00",,,,,"507","3.88","0","0.00"
"041510","에스엠","87500","-2000","-2.23","15166","5.77","6332","13.82","43793","2.00","1620","1.85"
"010580","에스엠벡셀","2090","-45","-2.11","15","139.33",,,"631","3.31","0","0.00"
"460870","에스엠씨지","3410","60","1.79","73","46.71",,,"2138","1.59","0","0.00"
"464080","에스오에스랩","16290","-1140","-6.54",,,,,"1486","10.96","0","0.00"
"109610","에스와이","2685","-85","-3.07",,,,,"3640","0.74","50","1.86"
"365330","에스와이스틸텍","3345","-200","-5.64",,,,,"1912","1.75","0","0.00"
"012750","에스원","71600","-2100","-2.85","5281","13.56","4584","15.62","51947","1.38","3200","4.47"
"306040","에스제이그룹","4800","-990","-17.10",,,,,"13079","0.37","0","0.00"
"398120","에스지헬스케어","3345","-250","-6.95","86","38.90",,,"2179","1.54","0","0.00"
"472230","에스케이증권제11호스팩","2060","-5","-0.24",,,,,,,"0","0.00"
"473000","에스케이증권제12호스팩","2050","-15","-0.73",,,,,,,"0","0.00"
"473950","에스케이증권제13호스팩","2030","-5","-0.25",,,,,,,"0","0.00"
"475660","에스켐","4815","-25","-0.52",,,,,"4552","1.06","0","0.00"
"096630","에스코넥","3470","-55","-1.56","2285","1.52",,,"5660","0.61","0","0.00"
"069510","에스텍","14790","-650","-4.21","4949","2.99",,,"27942","0.53","850","5.75"
"488280","에스투더블유","24600","-1450","-5.57",,,"372","66.14","2170","11.34","0","0.00"
"234300","에스트래픽","3500","-35","-0.99","180","19.44",,,"3783","0.93","140","4.00"
"039440","에스티아이","35050","-1650","-4.50","1045","33.54",,,"18772","1.87","150","0.43"
"098660","에스티오","1683","-11","-0.65",,,,,"1846","0.91","0","0.00"
"052020","에스티큐브","19930","1570","8.55",,,,,"1062","18.77","0","0.00"
"237690","에스티팜","146100","100","0.07","2706","53.99","3787","38.57","28666","5.10","500","0.34"
"458350","에스팀","7780","-370","-4.54","304","25.59",,,"2256","3.45","0","0.00"
"050760","에스폴리텍","1250","-67","-5.09",,,,,"3653","0.34","0","0.00"
"288620","에스프리즘","10590","-560","-5.02",,,,,"6556","1.62","0","0.00"
"443670","에스피소프트","5330","-210","-3.79","155","34.39",,,"2772","1.92","0","0.00"
"317830","에스피시스템스","10840","-560","-4.91",,,,,"4982","2.18","0","0.00"
"058610","에스피지","135100","-7100","-4.99","412","327.91","727","185.71","11633","11.61","250","0.19"
"043340","에쎈테크","549","0","0.00","4","137.25",,,"273","2.01","0","0.00"
"023960","에쓰씨엔지니어링","1200","-80","-6.25",,,,,"1242","0.97","0","0.00"
"163280","에어레인","5570","-190","-3.30","206","27.04",,,"5063","1.10","0","0.00"
"298690","에어부산","1888","-92","-4.65",,,,,"1383","1.37","0","0.00"
"200710","에이디테크놀로지","48350","-2650","-5.20","278","173.92","1884","25.66","10456","4.62","0","0.00"
"475580","에이럭스","10780","-270","-2.44",,,,,"3399","3.17","0","0.00"
"096690","에이루트","1337","0","0.00",,,,,"4125","0.32","0","0.00"
"078520","에이블씨엔씨","13880","-170","-1.21","548","25.33",,,"3450","4.02","437","3.15"
"298380","에이비엘바이오","130000","2300","1.80",,,,,"2807","46.31","0","0.00"
"203400","에이비온","2200","-75","-3.30",,,,,"759","2.90","0","0.00"
"195990","에이비프로바이오","1202","31","2.65",,,,,"1900","0.63","0","0.00"
"003800","에이스침대","33600","-1000","-2.89","5302","6.34",,,"70896","0.47","2300","6.85"
"088800","에이스테크","4385","-220","-4.78",,,,,"914","4.80","0","0.00"
"241840","에이스토리","4420","-45","-1.01",,,,,"5334","0.83","0","0.00"
"364950","에이아이코리아","6350","-230","-3.50",,,,,"6879","0.92","0","0.00"
"453860","에이에스텍","13670","-280","-2.01","382","35.79",,,"10500","1.30","500","3.66"
"312610","에이에프더블류","1215","49","4.20",,,,,"2323","0.52","0","0.00"
"015260","에이엔피","647","-20","-3.00",,,,,"455","1.42","0","0.00"
"172670","에이엘티","18980","290","1.55",,,,,"10470","1.81","0","0.00"
"481070","에이유브랜즈","17140","-10","-0.06","615","27.87",,,"4838","3.54","0","0.00"
"060900","에이전트AI","5400","-370","-6.41",,,,,"9460","0.57","0","0.00"
"445090","에이직랜드","29250","-900","-2.99",,,,,"5085","5.75","0","0.00"
"295310","에이치브이엠","98200","-7900","-7.45","1060","92.64","1480","66.35","7571","12.97","0","0.00"
"072990","에이치시티","4490","-40","-0.88","442","10.16",,,"6604","0.68","45","1.00"
"044990","에이치엔에스하이텍","16600","-1450","-8.03","1216","13.65",,,"14317","1.16","250","1.51"
"239610","에이치엘사이언스","8000","-110","-1.36",,,,,"16220","0.49","0","0.00"
"036170","에이치엠넥스","8070","-490","-5.72","181","44.59",,,"2239","3.60","0","0.00"
"462020","에이치엠씨제6호스팩","2110","5","0.24",,,,,,,"0","0.00"
"477340","에이치엠씨제7호스팩","2035","5","0.25",,,,,,,"0","0.00"
"148930","에이치와이티씨","3110","105","3.49","355","8.76",,,"6659","0.47","15","0.48"
"044780","에이치케이","1538","-43","-2.72","249","6.18",,,"3438","0.45","0","0.00"
"357230","에이치피오","2710","-80","-2.87","204","13.28",,,"3681","0.74","70","2.58"
"355690","에이텀","5270","20","0.38",,,,,"415","12.70","0","0.00"
"071670","에이테크솔루션","8870","-330","-3.59","46","192.83",,,"8845","1.00","0","0.00"
"045660","에이텍","9180","-80","-0.86","63","145.71",,,"13373","0.69","350","3.81"
"224110","에이텍모빌리티","8450","-260","-2.99","135","62.59",,,"13687","0.62","300","3.55"
"021080","에이티넘인베스트","3395","-85","-2.44","545","6.23",,,"4446","0.76","140","4.12"
"200470","에이팩트","8840","-1240","-12.30","123","71.87",,,"1657","5.33","0","0.00"
"262260","에이프로","10850","850","8.50",,,,,"4901","2.21","50","0.46"
"007460","에이프로젠","5200","1200","30.00",,,,,"7695","0.68","0","0.00"
"003060","에이프로젠바이오로직스","3770","870","30.00",,,,,"15780","0.24","0","0.00"
"397030","에이프릴바이오","73300","5500","8.11",,,,,"4150","17.66","0","0.00"
"244920","에이플러스에셋","10760","570","5.59","979","10.99",,,"7506","1.43","300","2.79"
"278470","에이피알","415500","-22500","-5.14","7765","53.51","16203","25.64","11910","34.89","5090","1.23"
"0009K0","에임드바이오","43400","1600","3.83","108","401.85",,,"3002","14.46","0","0.00"
"230240","에치에프알","36050","-800","-2.17",,,"1106","32.60","10988","3.28","0","0.00"
"159910","에코글로우","3585","-320","-8.19",,,,,"1890","1.90","0","0.00"
"230360","에코마케팅","16000","0","0.00","529","30.25",,,"7482","2.14","620","3.88"
"097780","에코볼트","664","0","0.00",,,,,"3093","0.21","0","0.00"
"038870","에코심플렉스","2625","-115","-4.20",,,,,"5507","0.48","0","0.00"
"448280","에코아이","10710","-320","-2.90","60","178.50",,,"4227","2.53","70","0.65"
"101360","에코앤드림","16730","-890","-5.05",,,,,"12165","1.38","0","0.00"
"128540","에코캡","1847","-33","-1.76",,,,,"4162","0.44","0","0.00"
"086520","에코프로","139700","-6700","-4.58",,,,,"14563","9.59","150","0.11"
"450080","에코프로머티","71700","-3300","-4.40","345","207.83","1169","61.34","15125","4.74","0","0.00"
"247540","에코프로비엠","205500","-16500","-7.43","403","509.93","660","311.58","17677","11.63","100","0.05"
"383310","에코프로에이치엔","28500","-1300","-4.36","631","45.17",,,"14535","1.96","200","0.70"
"038110","에코플라스틱","3235","35","1.09","50","64.70",,,"8738","0.37","50","1.55"
"073540","에프알텍","3960","-275","-6.49","183","21.64",,,"5300","0.75","75","1.89"
"064850","에프앤가이드","30050","-200","-0.66","866","34.70","1927","15.60","6042","4.97","260","0.87"
"036810","에프에스티","37900","-3800","-9.11",,,"593","63.89","11763","3.22","0","0.00"
"173940","에프엔씨엔터","4000","-45","-1.11",,,,,"1303","3.07","0","0.00"
"083500","에프엔에스테크","18940","-730","-3.71","1125","16.84","1822","10.39","10847","1.75","340","1.80"
"317530","에피소드컴퍼니","3690","90","2.50",,,,,"1525","2.42","0","0.00"
"054940","엑사이엔씨","771","-33","-4.10","19","40.58",,,"2078","0.37","0","0.00"
"373110","엑셀세라퓨틱스","1504","-17","-1.12",,,,,"413","3.64","0","0.00"
"205100","엑셈","1860","-14","-0.75","92","20.22",,,"1717","1.08","42","2.26"
"356680","엑스게이트","17270","1970","12.88","136","126.99",,,"1692","10.21","0","0.00"
"070300","엑스큐어","2350","-75","-3.09","16","146.88",,,"1365","1.72","0","0.00"
"317770","엑스페릭스","3595","-325","-8.29",,,,,"2444","1.47","0","0.00"
"373200","엑스플러스","643","0","0.00",,,,,"187","3.44","0","0.00"
"069920","엑시온그룹","1641","-132","-7.45",,,,,"4110","0.40","0","0.00"
"092870","엑시콘","34250","-3400","-9.03","715","47.90",,,"15111","2.27","100","0.29"
"019490","엑시큐어하이트론","541","0","0.00",,,,,"162","3.34","0","0.00"
"317870","엔바이오니아","6930","-230","-3.21",,,,,"3508","1.98","0","0.00"
"067570","엔브이에이치코리아","2080","-40","-1.89",,,,,"4978","0.42","150","7.21"
"0004V0","엔비알모션","19490","-710","-3.51",,,"823","23.69","3306","5.90","0","0.00"
"236810","엔비티","1729","-68","-3.78",,,,,"1289","1.34","0","0.00"
"333620","엔시스","7150","10","0.14",,,,,"4968","1.44","40","0.56"
"101400","엔시트론","392","0","0.00",,,,,"525","0.75","0","0.00"
"475230","엔알비","16910","-230","-1.34",,,,,"8135","2.08","0","0.00"
"451700","엔에이치스팩29호","3895","-60","-1.52",,,,,,,"0","0.00"
"466910","엔에이치스팩30호","5640","0","0.00",,,,,,,"0","0.00"
"481890","엔에이치스팩31호","2120","0","0.00",,,,,,,"0","0.00"
"0054V0","엔에이치스팩32호","2020","-5","-0.25",,,,,,,"0","0.00"
"0130H0","엔에이치스팩33호","1999","-1","-0.05",,,,,,,"0","0.00"
"265740","엔에프씨","6930","40","0.58","563","12.31","924","7.50","3660","1.89","60","0.87"
"354200","엔젠바이오","1235","63","5.38",,,,,"917","1.35","0","0.00"
"455900","엔젤로보틱스","28250","-250","-0.88",,,,,"2144","13.18","0","0.00"
"419080","엔젯","5200","-590","-10.19",,,,,"3449","1.51","0","0.00"
"183490","엔지켐생명과학","990","0","0.00",,,,,"1837","0.54","0","0.00"
"085310","엔케이","1169","0","0.00",,,,,"2337","0.50","10","0.86"
"182400","엔케이젠바이오텍코리아","3670","0","0.00",,,,,"99","37.07","0","0.00"
"348370","엔켐","39250","-1900","-4.62",,,,,"21543","1.82","0","0.00"
"069410","엔텔스","4950","30","0.61","321","15.42",,,"5643","0.88","0","0.00"
"227950","엔투텍","503","0","0.00","134","3.75",,,"740","0.68","0","0.00"
"291230","엔피","720","-7","-0.96",,,,,"594","1.21","0","0.00"
"048830","엔피케이","1110","-3","-0.27","60","18.50",,,"2473","0.45","30","2.70"
"096870","엘디티","2295","-55","-2.34","149","15.40",,,"2426","0.95","0","0.00"
"290650","엘앤씨바이오","62200","100","0.16",,,"1060","58.70","8128","7.65","50","0.08"
"066970","엘앤에프","175000","-12300","-6.57",,,"753","232.48","17482","10.01","0","0.00"
"156100","엘앤케이바이오","6150","-60","-0.97",,,,,"2087","2.95","0","0.00"
"0041J0","엘에스스팩1호","2000","0","0.00",,,,,,,"0","0.00"
"073110","엘엠에스","5920","10","0.17",,,,,"10013","0.59","220","3.72"
"083310","엘오티베큠","15230","-1820","-10.67",,,,,"15352","0.99","0","0.00"
"037950","엘컴텍","3035","5","0.17","145","20.93",,,"4885","0.62","0","0.00"
"489500","엘케이켐","32450","-1550","-4.56","708","45.83",,,"9491","3.42","0","0.00"
"170920","엘티씨","40800","-3100","-7.06","501","81.44",,,"12514","3.26","100","0.25"
"058630","엠게임","4845","-105","-2.12","861","5.63",,,"7129","0.68","222","4.58"
"226590","엠디바이스","24600","-1000","-3.91","1035","23.77",,,"4452","5.53","0","0.00"
"058970","엠로","28900","3300","12.89","238","121.43",,,"7728","3.74","0","0.00"
"169330","엠브레인","2050","25","1.23",,,,,"1471","1.39","80","3.90"
"097520","엠씨넥스","22600","-250","-1.09","3145","7.19","2969","7.61","23796","0.95","1000","4.42"
"373170","엠아이큐브솔루션","2770","-180","-6.10","108","25.65",,,"1571","1.76","200","7.22"
"179290","엠아이텍","6200","-140","-2.21","628","9.87",,,"3891","1.59","120","1.94"
"484870","엠앤씨솔루션","100400","-7400","-6.86","4980","20.16","7614","13.19","21270","4.72","2491","2.48"
"009780","엠에스씨","6950","-60","-0.86","1307","5.32",,,"10750","0.65","130","1.87"
"123040","엠에스오토텍","2270","-60","-2.58",,,,,"3331","0.68","0","0.00"
"432980","엠에프씨","3485","-80","-2.24","103","33.83",,,"3722","0.94","0","0.00"
"007820","엠엑스로보틱스","5750","90","1.59",,,,,"2686","2.14","0","0.00"
"347890","엠엑스온","5700","-100","-1.72","105","54.29",,,"4551","1.25","60","1.05"
"413390","엠오티","8370","-550","-6.17","300","27.90",,,"5203","1.61","100","1.19"
"032790","엠젠솔루션","887","0","0.00",,,,,"658","1.35","0","0.00"
"033160","엠케이전자","25750","-1950","-7.04","63","408.73","1443","17.85","17572","1.47","120","0.47"
"033310","엠투엔","1633","-17","-1.03",,,,,"3477","0.47","0","0.00"
"259630","엠플러스","15410","-1170","-7.06","1735","8.88",,,"8620","1.79","200","1.30"
"105550","엣지파운드리","763","-38","-4.74","224","3.41",,,"1792","0.43","0","0.00"
"060850","영림원소프트랩","6190","10","0.16","795","7.79",,,"6752","0.92","120","1.94"
"014440","영보화학","4710","-50","-1.05","863","5.46",,,"9810","0.48","350","7.43"
"143540","영우디에스피","1361","36","2.72","127","10.72",,,"703","1.94","0","0.00"
"111770","영원무역","81800","400","0.49","11558","7.08","13934","5.87","96154","0.85","2100","2.57"
"009970","영원무역홀딩스","202500","-2500","-1.22","31684","6.39",,,"259821","0.78","6576","3.25"
"003520","영진약품","1551","-24","-1.52",,,,,"500","3.10","0","0.00"
"000670","영풍","64200","-800","-1.23",,,,,"195772","0.33","5","0.01"
"012280","영화금속","1005","-19","-1.86","245","4.10",,,"1647","0.61","35","3.48"
"265560","영화테크","9620","-260","-2.63","1822","5.28",,,"8856","1.09","130","1.35"
"012160","영흥","471","-7","-1.46",,,,,"1994","0.24","0","0.00"
"036000","예림당","3125","-90","-2.80","5479","0.57",,,"11107","0.28","0","0.00"
"250930","예선테크","451","-14","-3.01",,,,,"470","0.96","0","0.00"
"053280","예스24","3220","-90","-2.72",,,,,"6912","0.47","250","7.76"
"122640","예스티","25400","-150","-0.59",,,"1654","15.36","6379","3.98","0","0.00"
"476040","오가노이드사이언스","18380","-310","-1.66",,,,,"3745","4.91","0","0.00"
"045060","오공","2310","-60","-2.53","329","7.02",,,"7198","0.32","50","2.16"
"192410","오늘이엔엠","6730","-50","-0.74",,,,,"136","49.49","0","0.00"
"080520","오디텍","4145","-125","-2.93","86","48.20",,,"11389","0.36","100","2.41"
"007310","오뚜기","347500","-7500","-2.11","20279","17.14",,,"603102","0.58","9000","2.59"
"039830","오로라","17240","-150","-0.86","2279","7.56",,,"18082","0.95","600","3.48"
"322310","오로스테크놀로지","32150","-2300","-6.68",,,"1094","29.38","6873","4.68","0","0.00"
"046120","오르비텍","10270","-210","-2.00","29","354.14",,,"2282","4.50","0","0.00"
"475830","오름테라퓨틱","82400","1400","1.73",,,,,"6165","13.37","0","0.00"
"014940","오리엔탈정공","7060","-420","-5.61","420","16.81",,,"2752","2.57","0","0.00"
"002630","오리엔트바이오","467","-9","-1.89",,,,,"606","0.77","0","0.00"
"065500","오리엔트정공","1871","-39","-2.04","57","32.82",,,"1248","1.50","0","0.00"
"271560","오리온","139100","-500","-0.36","9682","14.37","12540","11.09","96352","1.44","3500","2.52"
"001800","오리온홀딩스","23750","-300","-1.25","2011","11.81","2655","8.94","40953","0.58","1100","4.63"
"010470","오리콤","5660","-100","-1.74","666","8.50",,,"11173","0.51","270","4.77"
"417860","오브젠","8920","-300","-3.25",,,,,"2290","3.90","0","0.00"
"352910","오비고","5820","-370","-5.98",,,,,"2676","2.17","0","0.00"
"053980","오상자이엘","3075","-30","-0.97","548","5.61",,,"5750","0.53","150","4.88"
"036220","오상헬스케어","9250","360","4.05","226","40.93",,,"20439","0.45","200","2.16"
"052420","오성첨단소재","1448","0","0.00","372","3.89",,,"3091","0.47","0","0.00"
"052300","오션인더블유","1741","0","0.00",,,,,"16246","0.11","0","0.00"
"039200","오스코텍","49550","1850","3.88","1368","36.22","1784","27.78","4739","10.46","0","0.00"
"226400","오스테오닉","5900","-100","-1.67","374","15.78",,,"3363","1.75","0","0.00"
"031510","오스템","1011","8","0.80","37","27.32",,,"2674","0.38","20","1.98"
"342870","오아","6520","-80","-1.21",,,"2057","3.17","8487","0.77","0","0.00"
"368970","오에스피","1925","0","0.00",,,,,"3469","0.55","0","0.00"
"138080","오이솔루션","48750","-3050","-5.89",,,"717","67.98","5774","8.44","0","0.00"
"080580","오킨스전자","24800","-2050","-7.64","424","58.49","1332","18.61","2506","9.90","0","0.00"
"067170","오텍","3920","-70","-1.75",,,,,"4600","0.85","0","0.00"
"353590","오토앤","2940","-110","-3.61",,,,,"1444","2.04","0","0.00"
"173130","오파스넷","7580","-50","-0.66","971","7.81",,,"4962","1.53","250","3.30"
"440320","오픈놀","4295","330","8.32",,,,,"3524","1.22","0","0.00"
"049480","오픈베이스","2890","-160","-5.25","266","10.86",,,"3142","0.92","25","0.87"
"394280","오픈엣지테크놀로지","18500","-1290","-6.52",,,"88","210.11","683","27.09","0","0.00"
"476060","온코닉테라퓨틱스","21750","1350","6.62","359","60.58",,,"1619","13.43","0","0.00"
"382150","온코크로스","6980","-320","-4.38",,,,,"1112","6.28","0","0.00"
"005320","온타이드","588","0","0.00",,,,,"1389","0.42","0","0.00"
"244460","올리패스","1651","0","0.00",,,,,"208","7.94","0","0.00"
"226950","올릭스","167500","-2900","-1.70",,,,,"6738","24.86","0","0.00"
"057540","옴니시스템","903","-9","-0.99",,,,,"1847","0.49","0","0.00"
"131030","옵투스제약","8210","-40","-0.48","731","11.23",,,"9824","0.84","0","0.00"
"082210","옵트론텍","1761","-71","-3.88",,,,,"1841","0.96","0","0.00"
"109080","옵티시스","14710","-1200","-7.54","936","15.72",,,"12530","1.17","250","1.70"
"380540","옵티코어","4225","0","0.00",,,,,"472","8.95","0","0.00"
"153710","옵티팜","5040","10","0.20",,,,,"1731","2.91","0","0.00"
"432430","와이랩","3180","5","0.16",,,,,"1674","1.90","0","0.00"
"338840","와이바이오로직스","20150","260","1.31",,,,,"1752","11.50","0","0.00"
"122990","와이솔","7440","80","1.09",,,,,"11034","0.67","500","6.72"
"232140","와이씨","20150","-1200","-5.62","239","84.31","406","49.60","4490","4.49","0","0.00"
"112290","와이씨켐","15010","-1170","-7.23","229","65.55",,,"2432","6.17","0","0.00"
"065530","와이어블","2045","-120","-5.54","95","21.53",,,"1631","1.25","50","2.44"
"067900","와이엔텍","7210","-260","-3.48","1681","4.29",,,"19155","0.38","100","1.39"
"007530","와이엠","2225","-60","-2.63","117","19.02",,,"2585","0.86","20","0.90"
"155650","와이엠씨","4710","-195","-3.98","75","62.80",,,"6461","0.73","75","1.59"
"273640","와이엠텍","11750","-910","-7.19","311","37.78",,,"5590","2.10","100","0.85"
"251370","와이엠티","16160","-2540","-13.58",,,,,"10941","1.48","0","0.00"
"209640","와이제이링크","8610","-330","-3.69",,,,,"2619","3.29","0","0.00"
"096250","와이즈넛","9500","-370","-3.75","134","70.90",,,"5170","1.84","85","0.89"
"273060","와이즈버즈","1250","6","0.48","37","33.78",,,"989","1.26","0","0.00"
"019210","와이지-원","14330","-670","-4.47","736","19.47",,,"11486","1.25","190","1.33"
"122870","와이지엔터테인먼트","48850","-600","-1.21","1990","24.55","3131","15.60","27689","1.76","300","0.61"
"011690","와이투솔루션","7840","-400","-4.85",,,,,"2706","2.90","0","0.00"
"079000","와토스코리아","6830","-180","-2.57",,,,,"11179","0.61","403","5.90"
"403490","우듬지팜","1049","-28","-2.60",,,,,"815","1.29","0","0.00"
"316140","우리금융지주","31800","-700","-2.15","4052","7.85","4444","7.16","49068","0.65","1360","4.28"
"032820","우리기술","20000","700","3.63","5","4000.00",,,"755","26.49","0","0.00"
"041190","우리기술투자","6310","-200","-3.07","1420","4.44",,,"9971","0.63","0","0.00"
"115440","우리넷","16860","-1560","-8.47","354","47.63","1134","14.87","9217","1.83","50","0.30"
"046970","우리로","9310","-590","-5.96",,,,,"903","10.31","0","0.00"
"082850","우리바이오","2070","5","0.24",,,,,"4337","0.48","20","0.97"
"215360","우리산업","9050","-30","-0.33","1536","5.89",,,"13224","0.68","200","2.21"
"072470","우리산업홀딩스","3910","80","2.09","582","6.72",,,"7488","0.52","60","1.53"
"073560","우리손에프앤지","1694","-30","-1.74","344","4.92",,,"4805","0.35","150","8.85"
"037400","우리엔터프라이즈","992","-11","-1.10",,,,,"5603","0.18","20","2.02"
"153490","우리이앤엘하루틴","842","19","2.31",,,,,"1750","0.48","20","2.38"
"101170","우림피티에스","16780","-450","-2.61","181","92.71",,,"6273","2.67","50","0.30"
"006980","우성","22550","-400","-1.74","5039","4.48",,,"82793","0.27","1300","5.76"
"011300","우성머티리얼스","2660","-205","-7.16",,,,,"2010","1.32","0","0.00"
"017370","우신시스템","5690","-150","-2.57","985","5.78","1244","4.58","10957","0.52","30","0.53"
"103840","우양","2950","-60","-1.99","137","21.53",,,"2836","1.04","0","0.00"
"101970","우양에이치씨","13000","-740","-5.39",,,,,"12468","1.04","0","0.00"
"046940","우원개발","5500","-50","-0.90","2654","2.07",,,"8672","0.63","120","2.18"
"215380","우정바이오","2850","95","3.45",,,,,"1402","2.03","0","0.00"
"065680","우주일렉트로","43300","-1100","-2.48","2684","16.13",,,"32705","1.32","350","0.81"
"105840","우진","24300","-850","-3.38","441","55.10","574","42.33","9841","2.47","300","1.23"
"018620","우진비앤지","746","0","0.00",,,,,"1066","0.70","0","0.00"
"010400","우진아이엔에스","3870","-115","-2.89","1127","3.43",,,"11981","0.32","150","3.88"
"457550","우진엔텍","25850","-1650","-6.00","572","45.19",,,"5483","4.71","150","0.58"
"049800","우진플라임","2520","-40","-1.56","114","22.11",,,"5492","0.46","50","1.98"
"016880","웅진","2550","-175","-6.42","1554","1.64",,,"2289","1.11","0","0.00"
"095720","웅진씽크빅","1154","0","0.00",,,,,"2325","0.50","85","7.37"
"396470","워트","9000","-350","-3.74","221","40.72",,,"4097","2.20","70","0.78"
"005820","원림","16210","50","0.31","1812","8.95",,,"61531","0.26","460","2.84"
"307280","원바이오젠","7600","-70","-0.91","933","8.15",,,"6072","1.25","140","1.84"
"032940","원익","9620","-770","-7.41","632","15.22",,,"15605","0.62","0","0.00"
"240810","원익IPS","125000","-16600","-11.72","1727","72.38","4197","29.78","19936","6.27","200","0.16"
"074600","원익QnC","37300","1250","3.47","856","43.57","2406","15.50","18524","2.01","130","0.35"
"104830","원익머트리얼즈","48900","-1500","-2.98","3863","12.66","5396","9.06","41679","1.17","500","1.02"
"014190","원익큐브","1593","-62","-3.75","79","20.16",,,"3111","0.51","0","0.00"
"217820","원익피앤이","3475","-220","-5.95","45","77.22",,,"2304","1.51","0","0.00"
"030530","원익홀딩스","31450","-2250","-6.68","359","87.60",,,"13088","2.40","0","0.00"
"012620","원일특강","8500","-250","-2.86","1866","4.56",,,"37896","0.22","270","3.18"
"136150","원일티엔아이","15950","-940","-5.57",,,,,"5853","2.73","0","0.00"
"382840","원준","8950","-200","-2.19",,,,,"6969","1.28","0","0.00"
"336570","원텍","8300","-560","-6.32","393","21.12","573","14.49","1749","4.75","50","0.60"
"376980","원티드랩","3775","0","0.00","143","26.40",,,"4291","0.88","0","0.00"
"008370","원풍","5160","-120","-2.27","646","7.99",,,"8872","0.58","450","8.72"
"008290","원풍물산","696","-140","-16.75",,,,,"716","0.97","0","0.00"
"101160","월덱스","31000","-1050","-3.28","2482","12.49",,,"20992","1.48","100","0.32"
"336060","웨이버스","914","-49","-5.09","57","16.04",,,"890","1.03","0","0.00"
"095270","웨이브일렉트로","7800","-470","-5.68","116","67.24",,,"4249","1.84","0","0.00"
"289930","웨이비스","17960","-700","-3.75","143","125.59",,,"4091","4.39","0","0.00"
"065950","웰크론","1345","70","5.49",,,,,"1488","0.90","20","1.49"
"076080","웰크론한텍","966","-57","-5.57",,,,,"619","1.56","0","0.00"
"043590","웰킵스하이텍","795","0","0.00",,,,,"1305","0.61","0","0.00"
"196700","웹스","1721","-99","-5.44","286","6.02",,,"2809","0.61","0","0.00"
"069080","웹젠","11420","80","0.71","824","13.86","1313","8.70","23519","0.49","700","6.13"
"053580","웹케시","8240","-200","-2.37","984","8.37","1127","7.31","8851","0.93","200","2.43"
"479960","위너스일렉","11580","-180","-1.53","704","16.45",,,"5948","1.95","500","4.32"
"044340","위닉스","4880","-10","-0.20",,,,,"9240","0.53","100","2.05"
"330350","위더스제약","8060","-110","-1.35","376","21.44",,,"7425","1.09","0","0.00"
"348350","위드텍","10950","-710","-6.09","659","16.62",,,"12943","0.85","200","1.83"
"112040","위메이드","21250","-550","-2.52",,,,,"12033","1.77","295","1.39"
"101730","위메이드맥스","4850","-150","-3.00",,,,,"5563","0.87","0","0.00"
"123420","위메이드플레이","7330","90","1.24","1812","4.05",,,"25565","0.29","0","0.00"
"065370","위세아이텍","4820","-180","-3.60","211","22.84",,,"4468","1.08","150","3.11"
"038620","위즈코프","1972","-113","-5.42","305","6.47",,,"6355","0.31","0","0.00"
"299900","위지윅스튜디오","360","-8","-2.17",,,,,"749","0.48","0","0.00"
"036090","위지트","710","0","0.00","66","10.76",,,"1227","0.58","0","0.00"
"459100","위츠","6780","-280","-3.97","152","44.61",,,"3373","2.01","300","4.42"
"136540","윈스테크넷","12380","-240","-1.90","1694","7.31",,,"17202","0.72","800","6.46"
"097800","윈팩","477","0","0.00",,,,,"461","1.03","0","0.00"
"192390","윈하이텍","1800","-14","-0.77",,,,,"6571","0.27","0","0.00"
"008600","윌비스","2620","0","0.00",,,,,"7650","0.34","0","0.00"
"335870","윙스풋","1831","-66","-3.48",,,,,"1882","0.97","0","0.00"
"033270","유나이티드제약","19420","-180","-0.92","2614","7.43","2849","6.82","28664","0.68","610","3.14"
"014830","유니드","80400","-1900","-2.31","9830","8.18","13013","6.18","162961","0.49","2000","2.49"
"446070","유니드비티플러스","2785","-115","-3.97",,,,,"18087","0.15","0","0.00"
"036200","유니셈","11800","-750","-5.98","305","38.69","984","11.99","8275","1.43","80","0.68"
"018000","유니슨","1116","-34","-2.96",,,,,"431","2.59","0","0.00"
"000910","유니온","4260","-120","-2.74","1496","2.85",,,"6907","0.62","125","2.93"
"047400","유니온머티리얼","1811","-84","-4.43","59","30.69",,,"467","3.88","0","0.00"
"203450","유니온바이오메트릭스","3065","5","0.16","167","18.35",,,"3466","0.88","90","2.94"
"011330","유니켐","556","-23","-3.97",,,,,"1441","0.39","0","0.00"
"077500","유니퀘스트","7300","-300","-3.95","955","7.64",,,"11427","0.64","200","2.74"
"011320","유니크","4220","-130","-2.99","559","7.55",,,"7054","0.60","60","1.42"
"086390","유니테스트","18660","400","2.19",,,"1580","11.81","4773","3.91","0","0.00"
"241690","유니테크노","3765","-65","-1.70",,,,,"5612","0.67","17","0.45"
"142210","유니트론텍","7610","10","0.13","640","11.89",,,"6717","1.13","165","2.17"
"389680","유디엠텍","3565","820","29.87",,,,,"1265","2.82","0","0.00"
"088340","유라클","11360","-350","-2.99",,,,,"4922","2.31","0","0.00"
"048430","유라테크","7430","-380","-4.87","964","7.71",,,"13417","0.55","200","2.69"
"206650","유바이오로직스","12050","140","1.18","1127","10.69",,,"4782","2.52","0","0.00"
"089850","유비벨록스","4975","-195","-3.77",,,,,"9085","0.55","0","0.00"
"084440","유비온","1073","-69","-6.04","68","15.78",,,"385","2.79","0","0.00"
"264450","유비쿼스","15060","-410","-2.65","1627","9.26","2246","6.71","13350","1.13","470","3.12"
"078070","유비쿼스홀딩스","14510","-320","-2.16","1234","11.76",,,"16069","0.90","240","1.65"
"002920","유성기업","1796","-26","-1.43",,,,,"10023","0.18","0","0.00"
"024800","유성티엔에스","4815","-150","-3.02","1687","2.85",,,"15883","0.30","0","0.00"
"000700","유수홀딩스","5940","60","1.02","643","9.24",,,"12843","0.46","350","5.89"
"054930","유신","23450","-600","-2.49","3507","6.69",,,"51711","0.45","900","3.84"
"069330","유아이디","1054","2","0.19","97","10.87",,,"1475","0.71","0","0.00"
"049520","유아이엘","3865","-30","-0.77","715","5.41",,,"6445","0.60","400","10.35"
"473050","유안타제15호스팩","2065","0","0.00",,,,,,,"0","0.00"
"474490","유안타제16호스팩","2040","-10","-0.49",,,,,,,"0","0.00"
"493790","유안타제17호스팩","2010","0","0.00",,,,,,,"0","0.00"
"003470","유안타증권","6550","-290","-4.24","443","14.79",,,"9275","0.71","220","3.36"
"003475","유안타증권우","4550","-230","-4.81",,,,,,,"270","5.93"
"263770","유에스티","1964","-34","-1.70","104","18.88",,,"3521","0.56","60","3.05"
"072130","유엔젤","4835","-235","-4.64","353","13.70",,,"5122","0.94","100","2.07"
"000220","유유제약","4010","-60","-1.47","492","8.15",,,"7069","0.57","115","2.87"
"000225","유유제약1우","4380","-50","-1.13",,,,,,,"125","2.85"
"000227","유유제약2우B","10750","-30","-0.28",,,,,,,"125","1.16"
"388720","유일로보틱스","98700","-2300","-2.28",,,,,"7669","12.87","0","0.00"
"340930","유일에너테크","806","0","0.00",,,,,"730","1.10","0","0.00"
"023410","유진기업","3700","-45","-1.20",,,,,"12870","0.29","180","4.86"
"056080","유진로봇","27400","150","0.55",,,,,"766","35.77","0","0.00"
"468760","유진스팩10호","2090","0","0.00",,,,,,,"0","0.00"
"488060","유진스팩11호","2055","-5","-0.24",,,,,,,"0","0.00"
"0105P0","유진스팩12호","1999","2","0.10",,,,,,,"0","0.00"
"084370","유진테크","133100","-17200","-11.44","1906","69.83","5199","25.60","20320","6.55","230","0.17"
"240600","유진테크놀로지","3100","-240","-7.19",,,,,"5599","0.55","0","0.00"
"001200","유진투자증권","6190","0","0.00","703","8.81",,,"12331","0.50","180","2.91"
"179900","유티아이","20300","-1150","-5.36",,,"3318","6.12","3344","6.07","0","0.00"
"263050","유틸렉스","959","0","0.00",,,,,"415","2.31","0","0.00"
"000100","유한양행","84900","300","0.35","2599","32.67","2317","36.64","30855","2.75","600","0.71"
"000105","유한양행우","74000","2200","3.06",,,,,,,"610","0.82"
"003460","유화증권","3470","-155","-4.28","229","15.15",,,"8871","0.39","220","6.34"
"003465","유화증권우","3355","-25","-0.74",,,,,,,"230","6.86"
"191410","육일씨엔에쓰","2085","-240","-10.32","152","13.72",,,"1876","1.11","0","0.00"
"372170","윤성에프앤씨","30500","-2000","-6.15",,,,,"22214","1.37","80","0.26"
"146060","율촌","1316","-59","-4.29","136","9.68",,,"2210","0.60","0","0.00"
"008730","율촌화학","22800","-1050","-4.40","168","135.71",,,"11783","1.93","250","1.10"
"008250","이건산업","3650","-45","-1.22",,,,,"17234","0.21","100","2.74"
"039020","이건홀딩스","2955","-55","-1.83",,,,,"8206","0.36","50","1.69"
"025820","이구산업","5940","150","2.59","327","18.17",,,"4355","1.36","90","1.52"
"067920","이글루","6430","-270","-4.03",,,,,"7266","0.88","210","3.27"
"044960","이글벳","3860","15","0.39","321","12.02",,,"4229","0.91","80","2.07"
"303530","이노뎁","4620","-100","-2.12",,,,,"4859","0.95","0","0.00"
"302430","이노메트리","9420","-670","-6.64",,,,,"6059","1.55","0","0.00"
"214320","이노션","20300","660","3.36","2294","8.85","2807","7.23","26618","0.76","1175","5.79"
"462350","이노스페이스","15950","-900","-5.34",,,,,"2131","7.48","0","0.00"
"274400","이노시뮬레이션","3695","-45","-1.20",,,,,"3320","1.11","0","0.00"
"296640","이노에이엑스","6910","-100","-1.43","511","13.52",,,"6757","1.02","220","3.18"
"215790","이노인스트루먼트","2305","318","16.00",,,,,"848","2.72","0","0.00"
"344860","이노진","1449","-21","-1.43","26","55.73",,,"1288","1.13","90","6.21"
"333050","이노테나","1393","0","0.00","93","14.98",,,"995","1.40","24","1.72"
"469610","이노테크","20450","-1550","-7.05","1110","18.42",,,"6961","2.94","0","0.00"
"088390","이녹스","12460","-770","-5.82","2469","5.05",,,"18657","0.67","0","0.00"
"272290","이녹스첨단소재","34500","-1250","-3.50","3080","11.20","3151","10.95","20895","1.65","350","1.01"
"053350","이니텍","2770","-40","-1.42","163","16.99",,,"6900","0.40","0","0.00"
"452400","이닉스","8560","0","0.00","28","305.71",,,"13584","0.63","0","0.00"
"264850","이랜시스","8230","-490","-5.62","140","58.79",,,"1780","4.62","50","0.61"
"054210","이랜텍","11710","-490","-4.02","1056","11.09",,,"10776","1.09","100","0.85"
"009730","이렘","278","-8","-2.80",,,,,"636","0.44","0","0.00"
"065440","이루온","4845","895","22.66","59","82.12",,,"1942","2.49","0","0.00"
"139480","이마트","107100","-5800","-5.14","5084","21.07","10172","10.53","410591","0.26","2500","2.33"
"424870","이뮨온시아","5720","-220","-3.70",,,,,"368","15.54","0","0.00"
"115610","이미지스","2655","-220","-7.65",,,,,"901","2.95","0","0.00"
"478110","이베스트스팩6호","2030","-5","-0.25",,,,,,,"0","0.00"
"131400","이브이첨단소재","1639","-75","-4.38",,,,,"1723","0.95","0","0.00"
"351330","이삭엔지니어링","7930","-340","-4.11",,,,,"4151","1.91","0","0.00"
"080010","이상네트웍스","7600","-140","-1.81","1579","4.81",,,"15272","0.50","200","2.63"
"457190","이수스페셜티케미컬","103600","-6700","-6.07","26","3984.62","192","540.53","4398","23.56","0","0.00"
"086890","이수앱지스","4115","40","0.98",,,,,"2822","1.46","0","0.00"
"007660","이수페타시스","128400","-11700","-8.35","2278","56.37","4100","31.32","10292","12.48","230","0.18"
"005950","이수화학","9360","-520","-5.26",,,,,"3655","2.56","0","0.00"
"015020","이스타코","464","0","0.00",,,,,"941","0.49","0","0.00"
"047560","이스트소프트","12930","-720","-5.27",,,,,"4825","2.68","0","0.00"
"239340","이스트에이드","1336","28","2.14",,,,,"534","2.50","0","0.00"
"067010","이씨에스","2210","-75","-3.28","56","39.46",,,"4713","0.47","50","2.26"
"456070","이엔셀","13220","-210","-1.56",,,,,"3609","3.66","0","0.00"
"102710","이엔에프테크놀로지","51300","-5300","-9.36","3635","14.11","5082","10.09","31327","1.64","200","0.39"
"074610","이엔플러스","5110","0","0.00","111","46.04",,,"1932","2.64","0","0.00"
"041520","이엘씨","11740","-30","-0.25","706","16.63",,,"14791","0.79","365","3.11"
"063760","이엘피","3670","-340","-8.48","306","11.99",,,"7586","0.48","100","2.72"
"123570","이엠넷","1948","-10","-0.51","92","21.17",,,"4480","0.43","60","3.08"
"083470","이엠앤아이","953","-57","-5.64",,,,,"485","1.96","0","0.00"
"091120","이엠텍","7250","-380","-4.98",,,,,"12360","0.59","0","0.00"
"102460","이연제약","11250","-550","-4.66",,,,,"12010","0.94","0","0.00"
"039030","이오테크닉스","428000","-73000","-14.57","4689","91.28","10253","41.75","55838","7.67","1200","0.28"
"294090","이오플로우","1490","0","0.00",,,,,,,"0","0.00"
"088290","이원컴포텍","630","0","0.00",,,,,"239","2.64","0","0.00"
"084680","이월드","1795","34","1.93",,,,,"1515","1.18","0","0.00"
"353810","이지바이오","7220","-170","-2.30","840","8.60","1269","5.69","3240","2.23","250","3.46"
"261520","이지스","7080","190","2.76",,,,,"5008","1.41","0","0.00"
"099750","이지케어텍","7740","90","1.18","171","45.26",,,"2727","2.84","0","0.00"
"377330","이지트로닉스","3535","-120","-3.28",,,,,"4829","0.73","0","0.00"
"035810","이지홀딩스","5150","-140","-2.65","415","12.41","1290","3.99","10821","0.48","1361","26.43"
"092130","이크레더블","14450","-260","-1.77","1069","13.52",,,"3547","4.07","850","5.88"
"134060","이퓨쳐","4225","-25","-0.59","326","12.96",,,"6177","0.68","250","5.92"
"001840","이화공영","2215","0","0.00","131","16.91",,,"550","4.03","0","0.00"
"000760","이화산업","15340","-250","-1.60",,,,,"47844","0.32","0","0.00"
"014990","인디에프","668","-36","-5.11",,,,,"505","1.32","0","0.00"
"041830","인바디","44400","-1000","-2.20","2423","18.32","3362","13.21","23830","1.86","600","1.35"
"352940","인바이오","2245","-25","-1.10","93","24.14",,,"3898","0.58","0","0.00"
"101140","인바이오젠","7320","-30","-0.41",,,,,"15788","0.46","0","0.00"
"079950","인베니아","960","-32","-3.23",,,,,"2234","0.43","0","0.00"
"0007J0","인벤테라","18800","-180","-0.95",,,,,"2145","8.76","0","0.00"
"389470","인벤티지랩","57600","2000","3.60",,,,,"5163","11.16","0","0.00"
"277410","인산가","1040","-15","-1.42","17","61.18",,,"1729","0.60","20","1.92"
"060150","인선이엔티","4155","-130","-3.03",,,,,"7036","0.59","0","0.00"
"033230","인성정보","1811","-65","-3.46",,,,,"1738","1.04","0","0.00"
"450520","인스웨이브","2925","-135","-4.41",,,,,"2755","1.06","0","0.00"
"006490","인스코비","427","-16","-3.61",,,,,"121","3.53","0","0.00"
"465480","인스피언","5600","-410","-6.82","264","21.21",,,"5526","1.01","100","1.79"
"037330","인지디스플레","1418","16","1.14","145","9.78",,,"4182","0.34","35","2.47"
"100030","인지소프트","19990","-410","-2.01","8108","2.47",,,"26761","0.75","1126","5.63"
"023800","인지컨트롤스","7970","-50","-0.62","1043","7.64",,,"14627","0.54","270","3.39"
"034590","인천도시가스","26500","-200","-0.75","4650","5.70",,,"57765","0.46","1375","5.19"
"211050","인카금융서비스","9980","-350","-3.39","1480","6.74",,,"4391","2.27","370","3.71"
"083640","인콘","1488","-158","-9.60",,,,,"4835","0.31","0","0.00"
"064090","인크레더블버즈","798","0","0.00",,,,,"1343","0.59","0","0.00"
"216050","인크로스","6480","-170","-2.56","993","6.53",,,"10770","0.60","298","4.60"
"049070","인탑스","21300","2020","10.48","1023","20.82",,,"42138","0.51","200","0.94"
"119610","인터로조","19770","-220","-1.10","1007","19.63","1946","10.16","12297","1.61","650","3.29"
"017250","인터엠","1067","-8","-0.74","101","10.56",,,"2085","0.51","0","0.00"
"129260","인터지스","2315","-45","-1.91","348","6.65",,,"10387","0.22","100","4.32"
"051370","인터플렉스","12240","-290","-2.31","1410","8.68","1348","9.08","13306","0.92","0","0.00"
"064290","인텍플러스","28350","-2100","-6.90",,,"1123","25.25","3765","7.53","0","0.00"
"189300","인텔리안테크","161800","-10600","-6.15","724","223.48","3584","45.15","26101","6.20","200","0.12"
"287840","인투셀","33800","250","0.75",,,,,"1650","20.48","0","0.00"
"048530","인트론바이오","3255","-45","-1.36",,,,,"2210","1.47","0","0.00"
"070590","인티큐브","1708","-1","-0.06","58","29.45",,,"954","1.79","0","0.00"
"023810","인팩","7890","-360","-4.36","1196","6.60",,,"13223","0.60","180","2.28"
"115310","인포바인","12200","-710","-5.50","893","13.66",,,"12978","0.94","240","1.97"
"039290","인포뱅크","4480","-45","-0.99",,,,,"7795","0.57","0","0.00"
"071200","인피니트헬스케어","7230","20","0.28","1083","6.68",,,"7866","0.92","100","1.38"
"101930","인화정공","13050","-260","-1.95","553","23.60",,,"7394","1.76","300","2.30"
"249420","일동제약","22900","250","1.10","942","24.31",,,"7821","2.93","200","0.87"
"000230","일동홀딩스","8590","-10","-0.12","967","8.88",,,"14623","0.59","100","1.16"
"013360","일성건설","1663","-68","-3.93","51","32.61",,,"1354","1.23","0","0.00"
"003120","일성아이에스","21000","-200","-0.94","170","123.53",,,"53943","0.39","1200","5.71"
"333430","일승","5590","-290","-4.93","243","23.00",,,"1494","3.74","0","0.00"
"068330","일신바이오","1369","-20","-1.44","115","11.90",,,"1555","0.88","10","0.73"
"003200","일신방직","12210","-150","-1.21","1555","7.85",,,"42582","0.29","400","3.28"
"007110","일신석재","1507","-22","-1.44",,,,,"758","1.99","0","0.00"
"007570","일양약품","9970","-30","-0.30","375","26.59",,,"12934","0.77","155","1.55"
"007575","일양약품우","9470","-290","-2.97",,,,,,,"180","1.90"
"178780","일월지엠엘","2400","-10","-0.41","298","8.05",,,"2249","1.07","250","10.42"
"008500","일정실업","2485","125","5.30","2775","0.90",,,"3224","0.77","100","4.02"
"019540","일지테크","7030","-340","-4.61","3457","2.03",,,"14517","0.48","150","2.13"
"081000","일진다이아","13040","-310","-2.32","483","27.00",,,"29014","0.45","300","2.30"
"020760","일진디스플","902","0","0.00",,,,,"555","1.63","0","0.00"
"103590","일진전기","139200","-3300","-2.32","2179","63.88","3371","41.30","12347","11.27","500","0.36"
"094820","일진파워","19280","-820","-4.08","1250","15.42",,,"9773","1.97","360","1.87"
"271940","일진하이솔루스","16480","-700","-4.07",,,,,"8677","1.90","0","0.00"
"015860","일진홀딩스","13910","0","0.00","765","18.18",,,"11438","1.22","200","1.44"
"226320","잇츠한불","12120","-270","-2.18","949","12.77",,,"22121","0.55","275","2.27"
"049550","잉크테크","3440","-160","-4.44","128","26.88",,,"3991","0.86","0","0.00"
"389020","자람테크놀로지","50100","-5500","-9.89",,,,,"5756","8.70","0","0.00"
"254120","자비스","1579","-121","-7.12",,,,,"811","1.95","0","0.00"
"043910","자연과환경","493","0","0.00",,,,,"730","0.68","0","0.00"
"234920","자이글","5310","0","0.00",,,,,"1431","3.71","0","0.00"
"289220","자이언트스텝","2630","-85","-3.13",,,,,"2337","1.13","0","0.00"
"317400","자이에스앤디","4250","-110","-2.52","895","4.75","996","4.27","11817","0.36","150","3.53"
"033240","자화전자","43050","-3600","-7.72","2284","18.85","3041","14.16","21665","1.99","0","0.00"
"049630","재영솔루텍","13000","-880","-6.34","440","29.55",,,"4370","2.97","0","0.00"
"417840","저스템","13100","-1330","-9.22","163","80.37","1064","12.32","2503","5.23","0","0.00"
"000950","전방","30100","-650","-2.11","26160","1.15",,,"199651","0.15","1000","3.32"
"079900","전진건설로봇","63400","-2500","-3.79","2172","29.19","2487","25.49","10701","5.92","1389","2.19"
"110020","전진바이오팜","2085","-90","-4.14",,,,,"1922","1.08","0","0.00"
"208140","정다운","2460","-10","-0.40","186","13.23",,,"3997","0.62","200","8.13"
"040420","정상제이엘에스","5800","-50","-0.85","444","13.06","528","10.98","5585","1.04","530","9.14"
"045510","정원엔시스","1053","-24","-2.23","36","29.25",,,"1433","0.73","0","0.00"
"217190","제너셈","7760","-540","-6.51","71","109.30",,,"3826","2.03","50","0.64"
"095700","제넥신","5190","-160","-2.99",,,,,"5426","0.96","0","0.00"
"122310","제노레이","4895","-30","-0.61","61","80.25",,,"6636","0.74","150","3.06"
"361390","제노코","27050","-2050","-7.04",,,"339","79.81","5883","4.60","0","0.00"
"225220","제놀루션","1717","-27","-1.55",,,,,"3786","0.45","0","0.00"
"123330","제닉","22650","-600","-2.58","2414","9.38","2560","8.85","5246","4.32","0","0.00"
"381620","제닉스로보틱스","12510","20","0.16",,,,,"3730","3.35","0","0.00"
"159580","제로투세븐","3630","-70","-1.89","172","21.10",,,"4161","0.87","50","1.38"
"147830","제룡산업","11610","-1090","-8.58","600","19.35",,,"4503","2.58","300","2.58"
"033100","제룡전기","77400","-3900","-4.80","3655","21.18",,,"14901","5.19","1100","1.42"
"079370","제우스","15510","-690","-4.26",,,,,"10867","1.43","50","0.32"
"054950","제이브이엠","23650","-200","-0.84","2461","9.61","2921","8.10","20312","1.16","650","2.75"
"090470","제이스로보틱스","7810","90","1.17",,,,,"7841","1.00","50","0.64"
"023440","제이스코홀딩스","521","0","0.00",,,,,"616","0.85","0","0.00"
"137950","제이씨케미칼","4050","-100","-2.41",,,,,"6691","0.61","50","1.23"
"033320","제이씨현시스템","4465","-155","-3.35","462","9.66",,,"6135","0.73","50","1.12"
"417500","제이아이테크","4885","-215","-4.22","215","22.72",,,"2405","2.03","100","2.05"
"204270","제이앤티씨","21150","-800","-3.64",,,"1748","12.10","4333","4.88","0","0.00"
"127120","제이에스링크","40250","-150","-0.37",,,,,"2147","18.75","0","0.00"
"194370","제이에스코퍼레이션","13710","-520","-3.65","2692","5.09","3725","3.68","18174","0.75","600","4.38"
"026040","제이에스티나","2765","-145","-4.98","125","22.12",,,"2999","0.92","100","3.62"
"452160","제이엔비","5430","-260","-4.57",,,,,"4084","1.33","100","1.84"
"126880","제이엔케이글로벌","3570","-130","-3.51","126","28.33",,,"6844","0.52","50","1.40"
"322510","제이엘케이","5870","-340","-5.48",,,,,"1631","3.60","0","0.00"
"033050","제이엠아이","995","-4","-0.40","108","9.21",,,"1841","0.54","0","0.00"
"094970","제이엠티","3930","35","0.90","853","4.61",,,"8646","0.45","60","1.53"
"418550","제이오","10620","-520","-4.67",,,,,"5708","1.86","0","0.00"
"060230","제이케이시냅스","388","21","5.72",,,,,"1657","0.23","0","0.00"
"420570","제이투케이바이오","8000","0","0.00","459","17.43",,,"5775","1.39","250","3.13"
"089790","제이티","6370","-260","-3.92",,,,,"6972","0.91","0","0.00"
"0010V0","제이피아이헬스케어","10860","-460","-4.06","1232","8.81",,,"12444","0.87","250","2.30"
"030000","제일기획","18970","-70","-0.37","2049","9.26","2013","9.42","15525","1.22","1230","6.48"
"271980","제일약품","13230","60","0.46","1605","8.24",,,"14485","0.91","0","0.00"
"412540","제일엠앤에스","3935","0","0.00",,,,,,,"0","0.00"
"001560","제일연마","11120","-350","-3.05","2042","5.45",,,"16369","0.68","721","6.48"
"199820","제일일렉트릭","16450","-350","-2.08","298","55.20",,,"7066","2.33","100","0.61"
"038010","제일테크노스","6520","-210","-3.12","1194","5.46",,,"16307","0.40","120","1.84"
"002620","제일파마홀딩스","8410","-90","-1.06","953","8.82",,,"20763","0.41","70","0.83"
"080220","제주반도체","55200","-900","-1.60","1173","47.06",,,"6742","8.19","0","0.00"
"006220","제주은행","11700","-260","-2.17","226","51.77",,,"17124","0.68","100","0.85"
"089590","제주항공","5050","-110","-2.13",,,,,"3415","1.48","0","0.00"
"216080","제테마","6020","-130","-2.11",,,"225","26.78","1818","3.31","0","0.00"
"337930","젝시믹스","3970","-95","-2.34","400","9.93",,,"3915","1.01","200","5.04"
"229000","젠큐릭스","3255","-420","-11.43",,,,,"939","3.47","0","0.00"
"082270","젬백스","20300","200","1.00",,,,,"1351","15.03","0","0.00"
"004910","조광페인트","4245","25","0.59",,,,,"20669","0.21","200","4.71"
"004700","조광피혁","61800","-3500","-5.36","3248","19.03",,,"162644","0.38","0","0.00"
"001550","조비","13210","-280","-2.08","380","34.76",,,"10535","1.25","0","0.00"
"462520","조선내화","14210","-190","-1.32","188","75.59",,,"18686","0.76","1000","7.04"
"120030","조선선재","96400","-200","-0.21","9974","9.67",,,"176087","0.55","500","0.52"
"034940","조아제약","872","19","2.23",,,,,"807","1.08","0","0.00"
"067000","조이시티","1859","-56","-2.92",,,"290","6.42","1240","1.50","0","0.00"
"309930","조이웍스앤코","2210","0","0.00",,,,,"809","2.73","0","0.00"
"018470","조일알미늄","1552","-12","-0.77","63","24.63",,,"1655","0.94","0","0.00"
"002600","조흥","145500","-300","-0.21","13470","10.80",,,"252447","0.58","6000","4.12"
"018700","졸스","1583","-103","-6.11",,,,,"2319","0.68","0","0.00"
"185750","종근당","81200","300","0.37","5882","13.80","5739","14.15","76180","1.07","500","0.62"
"063160","종근당바이오","18800","0","0.00",,,,,"23156","0.81","0","0.00"
"001630","종근당홀딩스","46450","-1050","-2.21","8493","5.47",,,"133813","0.35","1400","3.01"
"033340","좋은사람들","1473","-62","-4.04",,,,,"592","2.49","0","0.00"
"036930","주성엔지니어링","156000","-7800","-4.76","781","199.74","2037","76.59","12922","12.07","53","0.03"
"109070","주성코퍼레이션","1886","26","1.40","39","48.36",,,"548","3.44","0","0.00"
"044380","주연테크","430","0","0.00",,,,,"586","0.73","0","0.00"
"072020","중앙백신","9920","-150","-1.49","656","15.12",,,"11383","0.87","200","2.02"
"000440","중앙에너비스","19440","30","0.15",,,,,"11730","1.66","353","1.82"
"051980","중앙첨단소재","1770","-92","-4.94",,,,,"936","1.89","0","0.00"
"221800","지구홀딩스","17260","1920","12.52",,,,,"3123","5.53","100","0.58"
"228760","지노믹트리","15140","140","0.93",,,,,"4790","3.16","0","0.00"
"314130","지놈앤컴퍼니","6980","180","2.65",,,,,"2402","2.91","0","0.00"
"013890","지누스","11210","-90","-0.80",,,,,"29617","0.38","90","0.80"
"389030","지니너스","4175","-110","-2.57",,,,,"273","15.29","0","0.00"
"263860","지니언스","15500","-300","-1.90","867","17.88","1226","12.64","7171","2.16","300","1.94"
"303030","지니틱스","3135","200","6.81",,,,,"1205","2.60","0","0.00"
"208350","지란지교시큐리티","3150","-90","-2.78","234","13.46",,,"6382","0.49","0","0.00"
"446840","지슨","1292","-47","-3.51",,,"125","10.30","138","9.36","0","0.00"
"144510","지씨셀","24000","1250","5.49",,,,,"12404","1.93","0","0.00"
"340450","지씨지놈","6890","-200","-2.82","185","37.24","265","25.97","3310","2.08","0","0.00"
"306620","지아이에스","3200","-100","-3.03",,,,,"1025","3.12","0","0.00"
"358570","지아이이노베이션","14380","250","1.77",,,,,"1824","7.88","0","0.00"
"382480","지아이텍","2565","-135","-5.00","17","150.88",,,"2160","1.19","11","0.43"
"382800","지앤비에스 에코","9010","640","7.65","199","45.28","829","10.87","3701","2.43","120","1.33"
"051160","지어소프트","7200","-70","-0.96","915","7.87",,,"10737","0.67","0","0.00"
"053050","지에스이","2370","-5","-0.21","129","18.37",,,"3237","0.73","40","1.69"
"388610","지에프씨생명과학","8860","-590","-6.24","115","77.04",,,"4541","1.95","0","0.00"
"493330","지에프아이","18520","-1180","-5.99",,,,,"7719","2.40","0","0.00"
"119850","지엔씨에너지","35000","-1500","-4.11","2565","13.65",,,"13535","2.59","150","0.43"
"065060","지엔코","2760","-200","-6.76",,,,,"8590","0.32","0","0.00"
"204840","지엘팜텍","959","-19","-1.94",,,,,"257","3.73","0","0.00"
"013870","지엠비코리아","4350","-160","-3.55","762","5.71",,,"15206","0.29","250","5.75"
"071320","지역난방공사","74300","600","0.81","28102","2.64","20216","3.68","198762","0.37","6157","8.29"
"311320","지오엘리먼트","9690","-800","-7.63","433","22.38","475","20.40","4668","2.08","60","0.62"
"456160","지투지바이오","73800","1600","2.22",,,,,"3553","20.77","0","0.00"
"388050","지투파워","13940","-910","-6.13","297","46.94",,,"2252","6.19","100","0.72"
"088790","진도","2425","-20","-0.82","330","7.35",,,"8950","0.27","150","6.19"
"018120","진로발효","17620","-120","-0.68","1835","9.60",,,"13837","1.27","1250","7.09"
"109820","진매트릭스","2025","25","1.25",,,,,"875","2.31","0","0.00"
"086060","진바이오텍","4140","0","0.00","440","9.41",,,"6387","0.65","50","1.21"
"036890","진성티이씨","18350","-220","-1.18","1633","11.24","1884","9.74","14795","1.24","330","1.80"
"363250","진시스템","4885","-115","-2.30",,,,,"1151","4.24","0","0.00"
"003780","진양산업","5330","-120","-2.20","534","9.98",,,"5164","1.03","358","6.72"
"007370","진양제약","4625","-55","-1.18","1828","2.53",,,"11310","0.41","150","3.24"
"010640","진양폴리","2160","-50","-2.26","138","15.65",,,"2702","0.80","150","6.94"
"100250","진양홀딩스","2995","-60","-1.96","313","9.57",,,"6483","0.46","200","6.68"
"051630","진양화학","1775","-56","-3.06","42","42.26",,,"1873","0.95","0","0.00"
"272450","진에어","6150","-150","-2.38",,,"212","29.04","4355","1.41","0","0.00"
"285800","진영","1630","-49","-2.92",,,,,"2011","0.81","0","0.00"
"011000","진원생명과학","1150","39","3.51",,,,,"480","2.40","0","0.00"
"002780","진흥기업","1230","-57","-4.43",,,,,"1644","0.75","0","0.00"
"002787","진흥기업2우B","8220","0","0.00",,,,,,,"0","0.00"
"002785","진흥기업우B","3405","-95","-2.71",,,,,,,"0","0.00"
"025620","차AI헬스케어","7500","-210","-2.72","181","41.44",,,"4147","1.81","0","0.00"
"085660","차바이오텍","15410","240","1.58",,,,,"3732","4.13","0","0.00"
"261780","차백신연구소","2900","-30","-1.02",,,,,"441","6.58","0","0.00"
"351870","차이커뮤니케이션","4010","25","0.63","108","37.13",,,"4809","0.83","0","0.00"
"009310","참엔지니어링","5330","0","0.00",,,,,"18778","0.28","0","0.00"
"094850","참좋은여행","5150","-110","-2.09","807","6.38",,,"7354","0.70","150","2.91"
"004650","창해에탄올","9980","-240","-2.35","1749","5.71",,,"18768","0.53","600","6.01"
"0011T0","채비","16160","-1360","-7.76",,,,,"1822","8.87","0","0.00"
"278280","천보","56000","-2800","-4.76",,,"633","88.45","36443","1.54","0","0.00"
"000650","천일고속","174900","-8900","-4.84",,,,,"6716","26.04","0","0.00"
"362320","청담글로벌","4735","-130","-2.67","93","50.91",,,"4268","1.11","0","0.00"
"066360","체리부로","1094","-29","-2.58","496","2.21",,,"2100","0.52","0","0.00"
"033250","체시스","4460","65","1.48","985","4.53",,,"7090","0.63","0","0.00"
"047820","초록뱀미디어","5450","150","2.83","115","47.39",,,"11069","0.49","0","0.00"
"094360","칩스앤미디어","17950","-610","-3.29","291","61.68","502","35.73","4120","4.36","116","0.65"
"0082N0","카나프테라퓨틱스","29900","950","3.28",,,,,"1135","26.34","0","0.00"
"016920","카스","999","-13","-1.28",,,,,"2772","0.36","10","1.00"
"284620","카이노스메드","1087","0","0.00",,,,,"35","31.06","0","0.00"
"035720","카카오","43550","-1150","-2.57","1118","38.95","1663","26.18","25625","1.70","75","0.17"
"293490","카카오게임즈","10840","-260","-2.34",,,"223","48.61","13314","0.81","0","0.00"
"323410","카카오뱅크","22550","-600","-2.59","1008","22.37","1294","17.43","14166","1.59","460","2.04"
"377300","카카오페이","57600","-1800","-3.03","335","171.94","961","59.95","14062","4.10","0","0.00"
"140430","카티스","752","0","0.00",,,,,"758","0.99","0","0.00"
"042000","카페24","22400","-750","-3.24","1615","13.87",,,"10998","2.04","0","0.00"
"006380","카프로","3660","0","0.00",,,,,"454","8.06","0","0.00"
"313760","캐리","468","0","0.00",,,,,"1920","0.24","0","0.00"
"071850","캐스텍코리아","1487","-7","-0.47",,,,,"2283","0.65","0","0.00"
"198080","캐프","3020","120","4.14","904","3.34",,,"6111","0.49","0","0.00"
"210120","캔버스엔","1395","20","1.45",,,,,"413","3.38","0","0.00"
"050110","캠시스","1910","-4","-0.21",,,,,"3209","0.60","0","0.00"
"452300","캡스톤파트너스","3910","-105","-2.62","163","23.99",,,"2434","1.61","29","0.74"
"451760","컨텍","21100","-2450","-10.40",,,,,"5646","3.74","0","0.00"
"078340","컴투스","29850","-350","-1.16","3192","9.35","3268","9.14","86968","0.34","1300","4.36"
"063080","컴투스홀딩스","15860","-400","-2.46","1661","9.55",,,"38461","0.41","0","0.00"
"307930","컴퍼니케이","8870","120","1.37","464","19.12",,,"5253","1.69","160","1.80"
"079190","케스피온","953","-70","-6.84",,,,,"702","1.36","0","0.00"
"263700","케어랩스","2370","-30","-1.25","989","2.40",,,"3531","0.67","0","0.00"
"214370","케어젠","100500","-800","-0.79","411","244.53",,,"4348","23.11","437","0.43"
"221980","케이디켐","10300","-20","-0.19","936","11.00",,,"27391","0.38","500","4.85"
"038530","케이바이오랩스","1482","-68","-4.39",,,,,"2305","0.64","0","0.00"
"279570","케이뱅크","5490","-300","-5.18","294","18.67","353","15.53","5781","0.95","0","0.00"
"001620","케이비아이동국실업","642","0","0.00","283","2.27",,,"2366","0.27","0","0.00"
"192250","케이사인","12570","-660","-4.99","371","33.88",,,"13139","0.96","200","1.59"
"431190","케이쓰리아이","4160","-110","-2.58",,,,,"4544","0.92","0","0.00"
"029460","케이씨","38050","-1250","-3.18","3947","9.64",,,"77202","0.49","430","1.13"
"115500","케이씨에스","17140","490","2.94","211","81.23",,,"1640","10.45","180","1.05"
"281820","케이씨텍","68400","-2800","-3.93","2686","25.47",,,"26877","2.54","450","0.66"
"089150","케이씨티","3250","-105","-3.13","162","20.06",,,"2095","1.55","80","2.46"
"025880","케이씨피드","2800","-50","-1.75","655","4.27",,,"5071","0.55","165","5.89"
"093320","케이아이엔엑스","116100","-2000","-1.69","3535","32.84",,,"42214","2.75","600","0.52"
"093640","케이알엠","5400","-20","-0.37",,,,,"2159","2.50","0","0.00"
"073010","케이에스피","5370","-400","-6.93","164","32.74",,,"2074","2.59","20","0.37"
"105330","케이엔더블유","10250","-410","-3.85",,,,,"7691","1.33","0","0.00"
"053080","케이엔솔","14590","-1200","-7.60",,,,,"9562","1.53","0","0.00"
"199430","케이엔알시스템","24100","-1300","-5.12",,,,,"2081","11.58","0","0.00"
"432470","케이엔에스","13300","-1400","-9.52",,,,,"6412","2.07","0","0.00"
"272110","케이엔제이","37250","-2950","-7.34","3271","11.39",,,"12376","3.01","0","0.00"
"039420","케이엘넷","3080","70","2.33","449","6.86",,,"3233","0.95","100","3.25"
"083550","케이엠","3380","10","0.30","336","10.06",,,"10326","0.33","50","1.48"
"032500","케이엠더블유","34550","-600","-1.71",,,"1289","26.79","3211","10.76","0","0.00"
"225430","케이엠제약","517","0","0.00",,,,,"1014","0.51","0","0.00"
"102370","케이옥션","2900","-20","-0.68",,,,,"4059","0.71","0","0.00"
"068100","케이웨더","2410","-90","-3.60",,,,,"1162","2.07","0","0.00"
"106080","케이이엠텍","1650","0","0.00",,,,,"5205","0.32","0","0.00"
"455180","케이지에이","2700","-180","-6.25",,,,,"3014","0.90","0","0.00"
"381970","케이카","10030","-180","-1.76","1050","9.55","1244","8.06","4587","2.19","1200","11.96"
"036030","케이티알파","5030","-110","-2.14","890","5.65",,,"6183","0.81","280","5.57"
"064820","케이프","13920","-1090","-7.26","2008","6.93",,,"9768","1.43","700","5.03"
"024880","케이피에프","5940","70","1.19","1000","5.94",,,"13491","0.44","701","11.80"
"042040","케이피엠테크","1015","-15","-1.46",,,,,"2850","0.36","0","0.00"
"054410","케이피티유","3640","-10","-0.27","386","9.43",,,"9569","0.38","0","0.00"
"258610","케일럼","1206","-12","-0.99",,,,,"1239","0.97","0","0.00"
"274090","켄코아에어로스페이스","21150","-1300","-5.79",,,,,"12229","1.73","0","0.00"
"089010","켐트로닉스","41000","-2300","-5.31","667","61.47","2546","16.11","14012","2.93","220","0.54"
"220260","켐트로스","5470","-300","-5.20",,,,,"2061","2.65","0","0.00"
"052400","코나아이","59700","-2800","-4.48","5176","11.53","7839","7.62","17996","3.32","1200","2.01"
"402030","코난테크놀로지","18780","-590","-3.05",,,,,"2361","7.95","0","0.00"
"391710","코닉오토메이션","2160","-130","-5.68",,,,,"577","3.74","0","0.00"
"046070","코다코","10280","0","0.00",,,,,"885","11.62","0","0.00"
"047770","코데즈컴바인","4040","-330","-7.55","117","34.53",,,"1855","2.18","0","0.00"
"080530","코디","815","0","0.00","104","7.84",,,"1060","0.77","0","0.00"
"104540","코렌텍","5050","-160","-3.07","489","10.33",,,"5844","0.86","0","0.00"
"027050","코리아나","1859","-71","-3.68",,,,,"2600","0.72","0","0.00"
"007815","코리아써우","22350","-1150","-4.89",,,,,,,"105","0.47"
"007810","코리아써키트","98200","-1300","-1.31","1726","56.89","4184","23.47","16070","6.11","100","0.10"
"00781K","코리아써키트2우B","18950","20","0.11",,,,,,,"105","0.55"
"190650","코리아에셋투자증권","8400","-400","-4.55","1210","6.94",,,"15266","0.55","550","6.55"
"123410","코리아에프티","6680","-270","-3.88","1577","4.24",,,"9358","0.71","200","2.99"
"003690","코리안리","11840","-80","-0.67","1587","7.46","1920","6.17","20843","0.57","570","4.81"
"036690","코맥스","2885","0","0.00",,,,,"633","4.56","0","0.00"
"049430","코메론","18300","-340","-1.82","2510","7.29","2570","7.12","28066","0.65","700","3.83"
"183300","코미코","143900","-4500","-3.03","4936","29.15","7026","20.48","26808","5.37","1400","0.97"
"041960","코미팜","8840","-170","-1.89",,,,,"967","9.14","0","0.00"
"089890","코세스","39350","-1650","-4.02","827","47.58",,,"4635","8.49","0","0.00"
"360350","코셈","12300","-1210","-8.96",,,,,"3533","3.48","0","0.00"
"082660","코스나인","480","0","0.00",,,,,"222","2.16","0","0.00"
"043710","코스리거글로벌","3980","-115","-2.81",,,,,"2065","1.93","0","0.00"
"192820","코스맥스","219500","6500","3.05","10847","20.24","13551","16.20","49196","4.46","3300","1.50"
"044820","코스맥스비티아이","20150","-1300","-6.06","3056","6.59",,,"28837","0.70","780","3.87"
"222040","코스맥스엔비티","7150","-420","-5.55",,,"962","7.43","2152","3.32","0","0.00"
"241710","코스메카코리아","91200","5700","6.67","4255","21.43","6825","13.36","23663","3.85","370","0.41"
"439960","코스모로보틱스","31200","7200","30.00",,,,,"524","59.54","0","0.00"
"005070","코스모신소재","56900","-3600","-5.95",,,"579","98.29","15288","3.72","0","0.00"
"005420","코스모화학","16120","-780","-4.62",,,,,"5730","2.81","0","0.00"
"355150","코스텍시스","56500","-2400","-4.07",,,"1414","39.96","3033","18.63","0","0.00"
"071950","코아스","1490","-114","-7.11",,,,,"2919","0.51","0","0.00"
"166480","코아스템켐온","4445","-355","-7.40",,,,,"1147","3.88","0","0.00"
"045970","코아시아","5230","-350","-6.27",,,,,"3100","1.69","0","0.00"
"196450","코아시아씨엠","1175","-26","-2.16","71","16.55",,,"1300","0.90","0","0.00"
"384470","코어라인소프트","3350","-165","-4.69",,,,,"989","3.39","0","0.00"
"002020","코오롱","78800","-1800","-2.23",,,"5153","15.29","132503","0.59","550","0.70"
"003070","코오롱글로벌","10060","-100","-0.98",,,,,"26910","0.37","400","3.98"
"003075","코오롱글로벌우","14820","-370","-2.44",,,,,,,"450","3.04"
"102940","코오롱생명과학","65200","1400","2.19","2001","32.58",,,"45249","1.44","0","0.00"
"002025","코오롱우","32650","-150","-0.46",,,,,,,"600","1.84"
"120110","코오롱인더","86400","-1800","-2.04","225","384.00","6286","13.74","129709","0.67","1300","1.50"
"120115","코오롱인더우","28600","-650","-2.22",,,,,,,"1350","4.72"
"021240","코웨이","91800","-1000","-1.08","8630","10.64","10514","8.73","51065","1.80","1957","2.13"
"056360","코위버","11110","-890","-7.42","379","29.31",,,"17332","0.64","50","0.45"
"282880","코윈테크","15950","-730","-4.38","148","107.77","1428","11.17","15009","1.06","200","1.25"
"121850","코이즈","2395","-185","-7.17",,,,,"395","6.06","0","0.00"
"448710","코츠테크놀로지","19490","-810","-3.99","1627","11.98","1906","10.23","11871","1.64","150","0.77"
"126730","코칩","18880","-870","-4.41","357","52.89",,,"7001","2.70","400","2.12"
"015710","코콤","3580","-160","-4.28","343","10.44",,,"7612","0.47","150","4.19"
"052330","코텍","12370","-710","-5.43","2221","5.57",,,"27942","0.44","300","2.43"
"322780","코퍼스코리아","458","0","0.00",,,,,"598","0.77","0","0.00"
"036420","콘텐트리중앙","5270","-500","-8.67",,,,,"7612","0.69","0","0.00"
"200130","콜마비앤에이치","12080","980","8.83",,,,,"12503","0.97","75","0.62"
"024720","콜마홀딩스","10480","630","6.40","683","15.34",,,"17926","0.58","270","2.58"
"294570","쿠콘","28700","500","1.77","2127","13.49","2146","13.37","16970","1.69","300","1.05"
"192400","쿠쿠홀딩스","28150","-1200","-4.09","4685","6.01",,,"42527","0.66","1550","5.51"
"284740","쿠쿠홈시스","23900","-100","-0.42","5330","4.48",,,"48373","0.49","1200","5.02"
"464490","쿼드메디슨","11490","20","0.17",,,"170","67.59","2716","4.23","0","0.00"
"317690","퀀타매트릭스","3770","-85","-2.20",,,,,"1998","1.89","0","0.00"
"432720","퀄리타스반도체","22850","-1100","-4.59",,,,,"2568","8.90","0","0.00"
"365270","큐라클","15130","-270","-1.75",,,,,"1765","8.57","0","0.00"
"348080","큐라티스","732","21","2.95",,,,,"541","1.35","0","0.00"
"060280","큐렉소","14770","-470","-3.08","67","220.45","180","82.11","2342","6.31","0","0.00"
"372320","큐로셀","42950","-350","-0.81",,,,,"348","123.42","0","0.00"
"051780","큐로홀딩스","6140","1415","29.95",,,,,"3620","1.70","0","0.00"
"115180","큐리언트","32000","750","2.40",,,,,"904","35.40","0","0.00"
"494120","큐리오시스","54200","-500","-0.91",,,,,"3703","14.64","0","0.00"
"445680","큐리옥스바이오시스템즈","92900","400","0.43",,,,,"3084","30.12","0","0.00"
"182360","큐브엔터","8550","-490","-5.42",,,,,"10823","0.79","0","0.00"
"405100","큐알티","19220","-1180","-5.78","247","77.81",,,"7641","2.52","480","2.50"
"066310","큐에스아이","14180","-820","-5.47","282","50.28",,,"9645","1.47","100","0.71"
"377460","큐에이드","4080","0","0.00","206","19.81",,,"915","4.46","0","0.00"
"016600","큐캐피탈","293","0","0.00","14","20.93",,,"809","0.36","0","0.00"
"355390","크라우드웍스","3150","-160","-4.83",,,,,"1265","2.49","0","0.00"
"264900","크라운제과","8490","-300","-3.41","964","8.81",,,"17790","0.48","280","3.30"
"26490K","크라운제과우","9140","-40","-0.44",,,,,,,"282","3.09"
"005740","크라운해태홀딩스","6920","-210","-2.95","1224","5.65",,,"23555","0.29","130","1.88"
"005745","크라운해태홀딩스우","7310","100","1.39",,,,,,,"135","1.85"
"259960","크래프톤","277500","-7000","-2.46","16454","16.87","26032","10.66","157747","1.76","2240","0.81"
"096240","크레버스","10000","-110","-1.09","702","14.25",,,"5570","1.80","800","8.00"
"040350","크레오에스지","3910","250","6.83",,,,,"2430","1.61","0","0.00"
"110790","크리스에프앤씨","3770","-70","-1.82","615","6.13",,,"17440","0.22","320","8.49"
"045520","크린앤사이언스","3010","-45","-1.47",,,,,"2757","1.09","0","0.00"
"214150","클래시스","54700","-900","-1.62","2017","27.12","3170","17.26","8487","6.45","1000","1.83"
"466100","클로봇","47550","-3050","-6.03",,,,,"2415","19.69","0","0.00"
"237880","클리오","12840","-910","-6.62","755","17.01","1169","10.98","13864","0.93","250","1.95"
"139670","키네마스터","1865","-67","-3.47","242","7.71",,,"1790","1.04","0","0.00"
"020120","키다리스튜디오","3840","-40","-1.03","179","21.45",,,"5485","0.70","0","0.00"
"475430","키스트론","5400","-410","-7.06","551","9.80",,,"10628","0.51","50","0.93"
"487720","키움제10호스팩","2020","-10","-0.49",,,,,,,"0","0.00"
"489480","키움제11호스팩","2025","-5","-0.25",,,,,,,"0","0.00"
"039490","키움증권","420000","-39000","-8.50","44379","9.46","56521","7.43","254008","1.65","11500","2.74"
"466690","키움히어로제1호스팩","2010","-15","-0.74",,,,,,,"0","0.00"
"0131D0","키움히어로제2호스팩","1985","-5","-0.25",,,,,,,"0","0.00"
"054780","키이스트","2155","-115","-5.07",,,,,"1995","1.08","0","0.00"
"256940","킵스파마","6650","-150","-2.21",,,,,"3088","2.15","0","0.00"
"219130","타이거일렉","56100","-1800","-3.11","835","67.19",,,"9226","6.08","0","0.00"
"336680","탑런토탈솔루션","3670","-125","-3.29","169","21.72",,,"4656","0.79","75","2.04"
"360070","탑머티리얼","16790","-760","-4.33",,,,,"13681","1.23","0","0.00"
"065130","탑엔지니어링","3090","-150","-4.63",,,,,"10304","0.30","0","0.00"
"134580","탑코미디어","1780","-102","-5.42",,,,,"661","2.69","0","0.00"
"014580","태경비케이","4575","-130","-2.76","866","5.28",,,"8538","0.54","150","3.28"
"015890","태경산업","4865","-115","-2.31","801","6.07",,,"10506","0.46","250","5.14"
"006890","태경케미컬","7890","-210","-2.59","770","10.25",,,"14876","0.53","180","2.28"
"023160","태광","37350","-500","-1.32","2469","15.13","2217","16.85","24145","1.55","535","1.43"
"003240","태광산업","1095000","-38000","-3.35","96033","11.40",,,"4669556","0.23","1750","0.16"
"011280","태림포장","1889","-13","-0.68",,,,,"4398","0.43","0","0.00"
"323280","태성","70100","-5300","-7.03",,,,,"4199","16.69","0","0.00"
"053620","태양","7100","-160","-2.20","1489","4.77",,,"24397","0.29","400","5.63"
"004100","태양금속","2780","-95","-3.30","94","29.57",,,"4175","0.67","10","0.36"
"004105","태양금속우","3945","-30","-0.75",,,,,,,"15","0.38"
"009410","태영건설","1832","-69","-3.63","191","9.59",,,"2037","0.90","0","0.00"
"009415","태영건설우","11180","180","1.64",,,,,,,"0","0.00"
"044490","태웅","46200","-3900","-7.78","271","170.48","1682","27.46","30459","1.52","0","0.00"
"124560","태웅로직스","2325","-105","-4.32",,,,,"6137","0.38","130","5.59"
"001420","태원물산","3045","-75","-2.40",,,,,"5683","0.54","200","6.57"
"191420","테고사이언스","11830","-760","-6.04",,,,,"6308","1.88","0","0.00"
"073640","테라사이언스","654","0","0.00",,,,,"283","2.31","0","0.00"
"066700","테라젠이텍스","2975","0","0.00","296","10.05",,,"3789","0.79","0","0.00"
"095610","테스","108600","3400","3.23","3244","33.48","4657","23.32","22090","4.92","850","0.78"
"055490","테이팩스","17550","-1060","-5.70","423","41.49",,,"32645","0.54","200","1.14"
"064520","테크엘","1846","71","4.00",,,,,"4232","0.44","0","0.00"
"089030","테크윙","53500","-4700","-8.08","263","203.42","2584","20.71","6018","8.89","130","0.24"
"054450","텔레칩스","16940","-650","-3.70",,,"1225","13.83","9686","1.75","0","0.00"
"078000","텔코웨어","15390","-880","-5.41","1195","12.88",,,"21758","0.71","640","4.16"
"200230","텔콘RF제약","535","-13","-2.37",,,,,"1584","0.34","0","0.00"
"214420","토니모리","7130","-380","-5.06","466","15.30",,,"4938","1.44","50","0.70"
"393210","토마토시스템","3930","-75","-1.87",,,,,"1683","2.34","0","0.00"
"475960","토모큐브","52900","-1100","-2.04",,,,,"2912","18.17","0","0.00"
"215480","토박스코리아","2160","60","2.86",,,,,"3520","0.61","0","0.00"
"051360","토비스","18830","-340","-1.77","2857","6.59",,,"18607","1.01","350","1.86"
"045340","토탈소프트","6990","150","2.19","997","7.01",,,"4272","1.64","100","1.43"
"108230","톱텍","3965","-65","-1.61",,,,,"10549","0.38","100","2.52"
"079970","투비소프트","596","0","0.00","88","6.77",,,"1747","0.34","0","0.00"
"199800","툴젠","138200","1200","0.88",,,,,"6229","22.19","0","0.00"
"417790","트루엔","7530","-160","-2.08","1156","6.51",,,"10450","0.72","200","2.66"
"091810","트리니티항공","895","-15","-1.65",,,,,"148","6.05","0","0.00"
"290090","트윔","6300","-50","-0.79",,,,,"8992","0.70","0","0.00"
"026150","특수건설","5860","-420","-6.69",,,,,"4922","1.19","29","0.49"
"464280","티디에스팜","8330","20","0.24","808","10.31",,,"8090","1.03","0","0.00"
"117730","티로보틱스","20100","-900","-4.29",,,,,"2304","8.72","0","0.00"
"033830","티비씨","567","-13","-2.24","40","14.18",,,"1389","0.41","14","2.47"
"057680","티사이언티픽","2380","10","0.42",,,,,"11950","0.20","0","0.00"
"204610","티쓰리","3145","65","2.11","308","10.21","276","11.41","1835","1.71","140","4.45"
"125020","티씨머티리얼즈","6890","-330","-4.57","51","135.10",,,"2222","3.10","0","0.00"
"064760","티씨케이","308000","-8000","-2.53","6138","50.18","10253","30.04","46452","6.63","1430","0.46"
"246710","티앤알바이오팹","2610","30","1.16",,,,,"485","5.38","0","0.00"
"340570","티앤엘","55000","-1300","-2.31","4725","11.64","6237","8.82","25091","2.19","1500","2.73"
"043220","티에스넥스젠","1710","0","0.00",,,,,"1101","1.55","0","0.00"
"277880","티에스아이","5480","-160","-2.84","61","89.84",,,"5136","1.07","0","0.00"
"131290","티에스이","173300","-2600","-1.48","3526","49.15","6979","24.83","35375","4.90","450","0.26"
"019180","티에이치엔","7710","-120","-1.53","3815","2.02",,,"12483","0.62","120","1.56"
"425420","티에프이","60600","-5200","-7.90","1586","38.21","2996","20.23","9411","6.44","0","0.00"
"484810","티엑스알로보틱스","17760","-840","-4.52",,,,,"3578","4.96","0","0.00"
"131100","티엔엔터테인먼트","1208","-69","-5.40","11","109.82",,,"2077","0.58","0","0.00"
"356860","티엘비","96400","-4000","-3.98","1959","49.21","4256","22.65","12972","7.43","450","0.47"
"217590","티엠씨","30200","-1300","-4.13",,,,,"4647","6.50","50","0.17"
"363280","티와이홀딩스","2675","-40","-1.47",,,,,"22503","0.12","0","0.00"
"36328K","티와이홀딩스우","4000","-30","-0.74",,,,,,,"0","0.00"
"321550","티움바이오","11480","1390","13.78",,,,,"1302","8.82","0","0.00"
"004870","티웨이홀딩스","238","-1","-0.42",,,,,"832","0.29","0","0.00"
"425040","티이엠씨","23100","-500","-2.12","759","30.43","1112","20.77","9438","2.45","150","0.65"
"241790","티이엠씨씨엔에스","8660","-340","-3.78","438","19.77",,,"11871","0.73","70","0.81"
"022220","티케이지애강","828","6","0.73",,,,,"1673","0.49","0","0.00"
"104480","티케이케미칼","2270","-65","-2.78","1282","1.77",,,"13505","0.17","0","0.00"
"081150","티플랙스","4250","-350","-7.61","137","31.02",,,"6922","0.61","50","1.18"
"130740","티피씨글로벌","1964","28","1.45",,,,,"5794","0.34","0","0.00"
"084730","팅크웨어","7880","-420","-5.06",,,,,"16025","0.49","0","0.00"
"440110","파두","94800","-5600","-5.58",,,,,"391","242.46","0","0.00"
"034230","파라다이스","14810","-430","-2.82","1087","13.62","1165","12.71","19694","0.75","150","1.01"
"290560","파라택시스이더리움","1569","-53","-3.27","179","8.77",,,"1438","1.09","0","0.00"
"288330","파라택시스코리아","416","0","0.00",,,,,"412","1.01","0","0.00"
"033540","파라텍","971","16","1.68",,,,,"2142","0.45","0","0.00"
"388870","파로스아이바이오","7640","-230","-2.92",,,,,"1076","7.10","0","0.00"
"043200","파루","921","-29","-3.05",,,,,"574","1.60","0","0.00"
"214450","파마리서치","309500","-18500","-5.64","15893","19.47","20426","15.15","59603","5.19","3700","1.20"
"005690","파미셀","18170","-90","-0.49","671","27.08","1087","16.72","2064","8.80","50","0.28"
"177830","파버나인","2765","-5","-0.18",,,,,"6459","0.43","80","2.89"
"037070","파세코","8990","260","2.98","185","48.59",,,"4285","2.10","150","1.67"
"150900","파수AI","5110","-320","-5.89","235","21.74",,,"3303","1.55","100","1.96"
"037030","파워넷","8890","830","10.30","652","13.63",,,"6040","1.47","0","0.00"
"047310","파워로직스","4965","-145","-2.84",,,,,"5394","0.92","0","0.00"
"368770","파이버프로","22800","-1400","-5.79","285","80.00",,,"1398","16.31","86","0.38"
"170790","파이오링크","11000","-250","-2.22","1160","9.48",,,"13588","0.81","360","3.27"
"049120","파인디앤씨","2970","-305","-9.31",,,,,"4905","0.61","0","0.00"
"038950","파인디지털","3490","5","0.14",,,,,"11183","0.31","50","1.43"
"387570","파인메딕스","7340","210","2.95",,,,,"3499","2.10","0","0.00"
"441270","파인엠텍","10090","-310","-2.98",,,"831","12.14","4459","2.26","0","0.00"
"106240","파인테크닉스","2010","-90","-4.29",,,,,"3362","0.60","0","0.00"
"131760","파인텍","1036","0","0.00",,,,,"649","1.60","0","0.00"
"065690","파커스","1332","-88","-6.20","502","2.65",,,"4416","0.30","0","0.00"
"140860","파크시스템스","298500","-17500","-5.54","4963","60.15","8454","35.31","32386","9.22","500","0.17"
"091700","파트론","7220","-50","-0.69","674","10.71","833","8.67","10321","0.70","310","4.29"
"032800","판타지오","1750","50","2.94",,,,,"5345","0.33","0","0.00"
"318010","팜스빌","3475","-65","-1.84","374","9.29",,,"8596","0.40","200","5.76"
"036580","팜스코","3135","-90","-2.79","1169","2.68",,,"5917","0.53","50","1.59"
"027710","팜스토리","1372","-66","-4.59","272","5.04",,,"2550","0.54","100","7.29"
"004720","팜젠사이언스","3940","110","2.87",,,,,"6677","0.59","0","0.00"
"225590","패션플랫폼","950","0","0.00","107","8.88",,,"3026","0.31","0","0.00"
"054300","팬스타엔터프라이즈","1005","-24","-2.33",,,,,"1540","0.65","0","0.00"
"068050","팬엔터테인먼트","1412","-67","-4.53",,,,,"2546","0.55","0","0.00"
"028670","팬오션","5810","-10","-0.17","564","10.30","745","7.79","10707","0.54","150","2.58"
"222110","팬젠","6500","670","11.49","154","42.21",,,"2218","2.93","0","0.00"
"271830","팸텍","1441","-49","-3.29",,,,,"2108","0.68","0","0.00"
"010820","퍼스텍","12870","-60","-0.46","303","42.48",,,"1691","7.61","0","0.00"
"016800","퍼시스","31400","-1650","-4.99","3976","7.90",,,"66786","0.47","1000","3.18"
"263750","펄어비스","52800","-600","-1.12",,,"3342","15.80","13011","4.06","0","0.00"
"251970","펌텍코리아","40000","-1750","-4.19","2778","14.40","3863","10.36","23753","1.68","450","1.13"
"187660","페니트리움바이오","9100","-20","-0.22",,,,,"393","23.16","0","0.00"
"0015S0","페스카로","13960","-600","-4.12","305","45.77",,,"6312","2.21","0","0.00"
"001020","페이퍼코리아","674","0","0.00",,,,,"1482","0.45","0","0.00"
"168360","펨트론","25250","-2850","-10.14",,,"2463","10.25","1216","20.76","50","0.20"
"087010","펩트론","286500","10000","3.62",,,,,"6110","46.89","0","0.00"
"090080","평화산업","977","-6","-0.61","286","3.42",,,"1132","0.86","0","0.00"
"010770","평화홀딩스","3940","-55","-1.38","2414","1.63",,,"8854","0.44","150","3.81"
"064800","포니링크","799","0","0.00","126","6.34",,,"1714","0.47","0","0.00"
"119500","포메탈","4400","-25","-0.56","182","24.18",,,"4336","1.01","60","1.36"
"389140","포바이포","7900","-310","-3.78",,,,,"2799","2.82","0","0.00"
"105760","포스뱅크","5320","-210","-3.80","392","13.57",,,"8078","0.66","0","0.00"
"022100","포스코DX","34650","400","1.17","343","101.02",,,"3752","9.24","125","0.36"
"058430","포스코스틸리온","7200","-530","-6.86","285","25.26","611","11.78","6401","1.12","109","1.51"
"009520","포스코엠텍","19090","-910","-4.55","34","561.47",,,"2744","6.96","10","0.05"
"047050","포스코인터내셔널","74000","-1300","-1.73","3603","20.54","5088","14.54","39358","1.88","1850","2.50"
"003670","포스코퓨처엠","261000","-19000","-6.79","51","5117.65","735","355.00","45731","5.71","250","0.10"
"189690","포시에스","1969","-1","-0.05","178","11.06",,,"2850","0.69","50","2.54"
"318020","포인트모바일","3295","-105","-3.09","232","14.20",,,"4286","0.77","100","3.03"
"256630","포인트엔지니어링","1175","0","0.00",,,,,"1171","1.00","10","0.85"
"331380","포커스에이아이","1975","-65","-3.19",,,,,"742","2.66","0","0.00"
"208710","포톤","2435","-155","-5.98",,,,,"3611","0.67","0","0.00"
"472850","폰드그룹","5220","-60","-1.14","600","8.70",,,"4078","1.28","280","5.36"
"039980","폴라리스AI","8430","-590","-6.54",,,,,"6604","1.28","0","0.00"
"041910","폴라리스AI파마","7300","-210","-2.80","464","15.73",,,"10233","0.71","0","0.00"
"234100","폴라리스세원","1020","0","0.00","6","170.00",,,"2619","0.39","0","0.00"
"041020","폴라리스오피스","4320","-165","-3.68","98","44.08",,,"1798","2.40","0","0.00"
"114630","폴라리스우노","2300","-55","-2.34","145","15.86",,,"7450","0.31","0","0.00"
"290720","푸드나무","3270","40","1.24","75","43.60",,,"1019","3.21","0","0.00"
"005670","푸드웰","6840","-80","-1.16","1094","6.25",,,"10889","0.63","160","2.34"
"094940","푸른기술","10850","290","2.75",,,,,"4670","2.32","0","0.00"
"007330","푸른저축은행","11500","50","0.44","1696","6.78",,,"27355","0.42","770","6.70"
"017810","풀무원","10900","-140","-1.27","84","129.76","1318","8.27","8405","1.30","102","0.94"
"093380","풍강","2620","-80","-2.96","84","31.19",,,"7332","0.36","80","3.05"
"023900","풍국주정","9630","-300","-3.02","812","11.86",,,"13637","0.71","200","2.08"
"103140","풍산","92100","-1100","-1.18","5388","17.09","8972","10.27","84137","1.09","1700","1.85"
"005810","풍산홀딩스","41700","-1100","-2.57","5389","7.74","5158","8.08","84683","0.49","1600","3.84"
"371950","풍원정밀","9710","-1270","-11.57",,,,,"542","17.92","0","0.00"
"298060","풍전약품","927","0","0.00","6","154.50",,,"816","1.14","0","0.00"
"370090","퓨런티어","14400","-220","-1.50",,,,,"4810","2.99","0","0.00"
"445180","퓨릿","10800","-740","-6.41","893","12.09","1120","9.64","6252","1.73","120","1.11"
"220100","퓨쳐켐","17250","100","0.58",,,,,"2432","7.09","0","0.00"
"035200","프럼파스트","3650","-165","-4.33","125","29.20",,,"4849","0.75","80","2.19"
"334970","프레스티지바이오로직스","2065","-15","-0.72",,,,,"1739","1.19","0","0.00"
"227100","프로브잇","612","0","0.00",,,,,"159","3.85","0","0.00"
"321260","프로이천","3975","-355","-8.20","144","27.60",,,"1575","2.52","60","1.51"
"053610","프로텍","86600","400","0.46","5293","16.36","6675","12.97","38739","2.24","400","0.46"
"468530","프로티나","51800","100","0.19",,,,,"2594","19.97","0","0.00"
"303360","프로티아","4660","-160","-3.32","347","13.43",,,"2384","1.95","0","0.00"
"377220","프롬바이오","1122","-10","-0.88",,,,,"990","1.13","0","0.00"
"335810","프리시젼바이오","1985","-65","-3.17",,,,,"1825","1.09","0","0.00"
"053160","프리엠스","8330","-80","-0.95","168","49.58",,,"13288","0.63","130","1.56"
"405000","플라즈맵","7160","-260","-3.50",,,,,"1491","4.80","0","0.00"
"041590","플래스크","2370","0","0.00","6","395.00",,,"845","2.80","0","0.00"
"367000","플래티어","3855","-95","-2.41",,,,,"4005","0.96","0","0.00"
"075130","플랜티넷","2355","-5","-0.21","145","16.24",,,"4580","0.51","100","4.25"
"009810","플레이그램","1178","0","0.00",,,,,"2295","0.51","0","0.00"
"237820","플레이디","4255","15","0.35","458","9.29",,,"7089","0.60","190","4.47"
"023770","플레이위드","2630","-20","-0.75",,,,,"2003","1.31","0","0.00"
"019570","플루토스","445","-6","-1.33","43","10.35",,,"609","0.73","0","0.00"
"300080","플리토","10840","-520","-4.58","391","27.72",,,"1043","10.39","0","0.00"
"033790","피노","15240","-670","-4.21",,,,,"1447","10.53","0","0.00"
"032580","피델릭스","2470","569","29.93",,,,,"1353","1.83","0","0.00"
"051380","피씨디렉트","2250","-125","-5.26","174","12.93",,,"2741","0.82","70","3.11"
"241820","피씨엘","6040","0","0.00",,,,,"2400","2.52","0","0.00"
"452450","피아이이","6620","-520","-7.28",,,,,"1566","4.23","0","0.00"
"237750","피앤씨테크","5470","-230","-4.04",,,,,"6740","0.81","100","1.83"
"460940","피앤에스로보틱스","8670","-530","-5.76","212","40.90","195","44.56","3261","2.66","40","0.46"
"319660","피에스케이","104000","-10200","-8.93","2712","38.35","4312","24.12","18606","5.59","680","0.65"
"031980","피에스케이홀딩스","122000","-8500","-6.51","4252","28.69","5383","22.67","23484","5.20","1080","0.89"
"002230","피에스텍","8890","-720","-7.49","559","15.90",,,"8061","1.10","250","2.81"
"043370","피에이치에이","12730","-260","-2.00","2369","5.37","2632","4.84","43257","0.29","400","3.14"
"239890","피엔에이치테크","5520","-290","-4.99","289","19.10","629","8.78","5596","0.99","200","3.62"
"347740","피엔케이피부임상연구센타","2360","-40","-1.67","162","14.57","259","9.13","2792","0.85","50","2.12"
"137400","피엔티","51300","-2300","-4.29","3200","16.03","4609","11.13","27402","1.87","200","0.39"
"257370","피엔티엠에스","2975","-155","-4.95",,,,,"1721","1.73","0","0.00"
"147760","피엠티","6800","-190","-2.72",,,,,"819","8.30","0","0.00"
"128660","피제이메탈","3380","-90","-2.59","307","11.01",,,"2977","1.14","170","5.03"
"006140","피제이전자","7200","-260","-3.49","629","11.45",,,"9377","0.77","200","2.78"
"376180","피코그램","2480","-140","-5.34",,,,,"2162","1.15","100","4.03"
"304840","피플바이오","1203","-31","-2.51",,,,,"1315","0.91","0","0.00"
"087600","픽셀플러스","6030","0","0.00",,,,,"12982","0.46","0","0.00"
"291810","핀텔","1599","-85","-5.05",,,,,"1512","1.06","0","0.00"
"378340","필에너지","17750","-1460","-7.60",,,,,"5893","3.01","0","0.00"
"161580","필옵틱스","53800","-3300","-5.78",,,,,"4970","10.82","0","0.00"
"347770","핌스","1932","-173","-8.22",,,"253","7.64","2043","0.95","0","0.00"
"163730","핑거","23650","600","2.60","32","739.06",,,"4960","4.77","100","0.42"
"417180","핑거스토리","1579","0","0.00","204","7.74",,,"1774","0.89","0","0.00"
"469880","하나30호스팩","2087","-3","-0.14",,,,,,,"0","0.00"
"469900","하나31호스팩","2060","0","0.00",,,,,,,"0","0.00"
"475240","하나32호스팩","2085","0","0.00",,,,,,,"0","0.00"
"475250","하나33호스팩","2085","10","0.48",,,,,,,"0","0.00"
"484130","하나34호스팩","2050","30","1.49",,,,,,,"0","0.00"
"0041L0","하나35호스팩","2010","0","0.00",,,,,,,"0","0.00"
"0101C0","하나36호스팩","1998","-7","-0.35",,,,,,,"0","0.00"
"086790","하나금융지주","123100","-3500","-2.76","13954","8.82","16283","7.56","164776","0.75","4105","3.33"
"299030","하나기술","25600","-900","-3.40",,,"1627","15.73","12570","2.04","0","0.00"
"067310","하나마이크론","41400","-1750","-4.06","637","64.99","2002","20.68","6007","6.89","70","0.17"
"166090","하나머티리얼즈","77500","-2900","-3.61","1984","39.06","4317","17.95","24038","3.22","300","0.39"
"293480","하나제약","9270","-380","-3.94","507","18.28","1270","7.30","17808","0.52","260","2.80"
"039130","하나투어","40350","-750","-1.82","2062","19.57","3837","10.52","9807","4.11","1200","2.97"
"136480","하림","3095","-45","-1.43","363","8.53",,,"3065","1.01","40","1.29"
"003380","하림지주","12150","-450","-3.57","2360","5.15",,,"32613","0.37","120","0.99"
"450330","하스","6720","-280","-4.00","194","34.64",,,"5666","1.19","60","0.89"
"101670","하이드로리튬","1921","-33","-1.69",,,,,"1115","1.72","0","0.00"
"365590","하이딥","1826","-90","-4.70",,,,,"72","25.36","0","0.00"
"149980","하이로닉","5560","0","0.00","215","25.86",,,"4348","1.28","0","0.00"
"013030","하이록코리아","40300","-1200","-2.89","4211","9.57","4488","8.98","38609","1.04","1350","3.35"
"352820","하이브","231500","-10000","-4.14",,,"6903","33.54","76643","3.02","500","0.22"
"126700","하이비젼시스템","17070","-1100","-6.05",,,"2449","6.97","19368","0.88","80","0.47"
"071090","하이스틸","4015","-135","-3.25",,,,,"7121","0.56","0","0.00"
"160190","하이젠알앤엠","41600","-2400","-5.45",,,,,"3657","11.38","0","0.00"
"221840","하이즈항공","2715","-110","-3.89","110","24.68",,,"2213","1.23","0","0.00"
"106190","하이텍팜","16060","-330","-2.01","1079","14.88",,,"12290","1.31","150","0.93"
"000080","하이트진로","16420","-230","-1.38","596","27.55","1474","11.14","16066","1.02","700","4.26"
"000087","하이트진로2우B","13820","-130","-0.93",,,,,,,"750","5.43"
"000140","하이트진로홀딩스","8760","-180","-2.01",,,,,"25367","0.35","350","4.00"
"000145","하이트진로홀딩스우","11130","-40","-0.36",,,,,,,"400","3.59"
"065650","하이퍼코퍼레이션","2110","0","0.00",,,,,"1154","1.83","0","0.00"
"066130","하츠","4155","-80","-1.89","755","5.50",,,"9710","0.43","140","3.37"
"004590","한국가구","6960","-1020","-12.78","1029","6.76",,,"13102","0.53","205","2.95"
"036460","한국가스공사","36700","-400","-1.08","1463","25.09","8907","4.12","123774","0.30","1154","3.14"
"039340","한국경제TV","4590","-65","-1.40","169","27.16",,,"9011","0.51","150","3.27"
"005430","한국공항","61800","-1300","-2.06","13258","4.66",,,"132482","0.47","1000","1.62"
"071050","한국금융지주","249500","-16500","-6.20","34592","7.21","36598","6.82","205667","1.21","8690","3.48"
"071055","한국금융지주우","173300","-9100","-4.99",,,,,,,"8752","5.05"
"034950","한국기업평가","106300","-2900","-2.66","5656","18.79",,,"29647","3.59","8009","7.53"
"010040","한국내화","1810","-46","-2.48",,,,,"4239","0.43","0","0.00"
"025540","한국단자","87900","-100","-0.11","10428","8.43","12793","6.87","114828","0.77","3200","3.64"
"222980","한국맥널티","2235","-65","-2.83",,,,,"3086","0.72","0","0.00"
"010100","한국무브넥스","5180","640","14.10","685","7.56",,,"13184","0.39","100","1.93"
"256840","한국비엔씨","3575","-40","-1.11","42","85.12",,,"3417","1.05","70","1.96"
"219750","한국비티비","748","-20","-2.60",,,,,"372","2.01","0","0.00"
"004090","한국석유","14660","-60","-0.41","412","35.58","1164","12.60","16160","0.91","120","0.82"
"025550","한국선재","3850","-350","-8.33","13","296.15",,,"5127","0.75","0","0.00"
"002200","한국수출포장","2690","-55","-2.00",,,,,"8011","0.34","80","2.97"
"002960","한국쉘석유","474000","-5500","-1.15","37098","12.78",,,"107971","4.39","36000","7.59"
"017890","한국알콜","12700","-440","-3.35","1507","8.43",,,"26443","0.48","110","0.87"
"000240","한국앤컴퍼니","23700","-950","-3.85","3666","6.46","4401","5.38","50477","0.47","1100","4.64"
"080720","한국유니온제약","2725","0","0.00",,,,,,,"0","0.00"
"123890","한국자산신탁","2370","-80","-3.27","404","5.87",,,"8853","0.27","150","6.33"
"015760","한국전력","41250","-1950","-4.51","13311","3.10","13473","3.06","75035","0.55","1542","3.74"
"041460","한국전자인증","3895","-105","-2.63","252","15.46",,,"3523","1.11","96","2.46"
"006200","한국전자홀딩스","801","0","0.00",,,,,"3318","0.24","20","2.50"
"101680","한국정밀기계","2680","-100","-3.60",,,,,"4043","0.66","0","0.00"
"039740","한국정보공학","4155","-310","-6.94","268","15.50",,,"6488","0.64","0","0.00"
"053300","한국정보인증","6040","-280","-4.43","654","9.24",,,"5107","1.18","200","3.31"
"025770","한국정보통신","10760","-140","-1.28","1038","10.37",,,"9544","1.13","290","2.70"
"464440","한국제13호스팩","2085","-5","-0.24",,,,,,,"0","0.00"
"479880","한국제15호스팩","2055","5","0.24",,,,,,,"0","0.00"
"027970","한국제지","710","-5","-0.70",,,,,"2136","0.33","0","0.00"
"023350","한국종합기술","4980","-120","-2.35","821","6.07",,,"16398","0.30","150","3.01"
"025890","한국주강","2150","-30","-1.38",,,,,"2986","0.72","0","0.00"
"000970","한국주철관","6900","-130","-1.85","789","8.75",,,"16819","0.41","400","5.80"
"104700","한국철강","9860","-50","-0.50",,,"670","14.72","23878","0.41","750","7.61"
"062970","한국첨단소재","3190","-345","-9.76",,,,,"319","10.00","0","0.00"
"017960","한국카본","43500","-1550","-3.44","2043","21.29","2553","17.04","11519","3.78","320","0.74"
"023760","한국캐피탈","911","-5","-0.55","289","3.15",,,"2410","0.38","40","4.39"
"054040","한국컴퓨터","5500","-50","-0.90","1555","3.54",,,"12463","0.44","300","5.45"
"161890","한국콜마","100100","200","0.20","5299","18.89","7427","13.48","38566","2.60","864","0.86"
"021650","한국큐빅","2135","-25","-1.16","284","7.52",,,"6024","0.35","100","4.68"
"161390","한국타이어앤테크놀로지","59200","-1900","-3.11","8931","6.63","11478","5.16","99234","0.60","2300","3.89"
"034830","한국토지신탁","1481","-41","-2.69","97","15.27","738","2.01","4754","0.31","70","4.73"
"007280","한국특강","2600","-140","-5.11","104","25.00",,,"7479","0.35","400","15.38"
"032300","한국파마","10520","-320","-2.95",,,,,"6307","1.67","50","0.48"
"037230","한국팩키지","2210","-20","-0.90","191","11.57",,,"3754","0.59","50","2.26"
"448900","한국피아이엠","116900","-12000","-9.31",,,"572","204.53","9488","12.32","0","0.00"
"047810","한국항공우주","165900","-3600","-2.12","1907","87.00","4256","38.98","18776","8.84","500","0.30"
"123690","한국화장품","8390","-320","-3.67","70","119.86",,,"2088","4.02","0","0.00"
"003350","한국화장품제조","9600","-200","-2.04","1510","6.36",,,"5776","1.66","60","0.63"
"030520","한글과컴퓨터","19720","50","0.25","1427","13.82","2190","9.00","15357","1.28","400","2.03"
"052600","한네트","3720","-110","-2.87","316","11.77",,,"3435","1.08","180","4.84"
"011500","한농화성","21100","-1200","-5.38","253","83.40",,,"11152","1.89","40","0.19"
"002390","한독","9570","-140","-1.44",,,,,"21292","0.45","200","2.09"
"256150","한독크린텍","5280","50","0.96","354","14.92",,,"7500","0.70","250","4.73"
"092460","한라IMS","20400","440","2.20","1511","13.50",,,"11613","1.76","620","3.04"
"125490","한라캐스트","16900","-1260","-6.94","128","132.03","287","58.80","2892","5.84","0","0.00"
"053690","한미글로벌","25450","-1150","-4.32","1826","13.94","2582","9.86","21462","1.19","400","1.57"
"042700","한미반도체","377500","-22500","-5.63","2256","167.33",,,"7278","51.87","800","0.21"
"008930","한미사이언스","36300","1100","3.13","1748","20.77",,,"14205","2.56","300","0.83"
"128940","한미약품","454500","31000","7.32","13372","33.99","15412","29.49","98560","4.61","2000","0.44"
"452190","한빛레이저","8070","-690","-7.88","104","77.60",,,"1311","6.16","0","0.00"
"047080","한빛소프트","1273","-32","-2.45","210","6.06",,,"696","1.83","0","0.00"
"009240","한샘","36750","-1300","-3.42","2808","13.09","1387","26.49","24081","1.53","0","0.00"
"452280","한선엔지니어링","17940","-1750","-8.89","518","34.63",,,"3957","4.53","0","0.00"
"020000","한섬","25600","550","2.20","2153","11.89","3849","6.65","66913","0.38","750","2.93"
"003680","한성기업","4975","-75","-1.49","30","165.83",,,"11921","0.42","0","0.00"
"066980","한성크린텍","1518","-97","-6.01","2","759.00",,,"1161","1.31","0","0.00"
"105630","한세실업","10630","150","1.43","1454","7.31","1729","6.15","18656","0.57","600","5.64"
"069640","한세엠케이","666","0","0.00",,,,,"445","1.50","0","0.00"
"016450","한세예스24홀딩스","4390","-55","-1.24",,,,,"11650","0.38","500","11.39"
"009180","한솔로지스틱스","3215","-170","-5.02","563","5.71","932","3.45","5100","0.63","200","6.22"
"114810","한솔아이원스","16300","-750","-4.40","1029","15.84","1702","9.58","7607","2.14","0","0.00"
"213500","한솔제지","7520","-220","-2.84","163","46.13",,,"29322","0.26","500","6.65"
"014680","한솔케미칼","300000","21000","7.53","13428","22.34","16691","17.97","99420","3.02","2600","0.87"
"004710","한솔테크닉스","14580","440","3.11",,,,,"9587","1.52","100","0.69"
"004150","한솔홀딩스","3840","-310","-7.47",,,"387","9.93","13574","0.28","130","3.39"
"025750","한솔홈데코","2485","-50","-1.97",,,,,"6180","0.40","0","0.00"
"042520","한스바이오메드","23600","-400","-1.67",,,"1329","17.75","2492","9.47","0","0.00"
"004960","한신공영","13890","-870","-5.89","5174","2.68",,,"72296","0.19","150","1.08"
"011700","한신기계","4260","-80","-1.84",,,,,"2703","1.58","20","0.47"
"430690","한싹","4585","-75","-1.61",,,,,"3001","1.53","0","0.00"
"078350","한양디지텍","29300","-3500","-10.67","1025","28.59",,,"11658","2.51","0","0.00"
"045100","한양이엔지","33100","-2150","-6.10","2541","13.03",,,"38303","0.86","0","0.00"
"001750","한양증권","26700","-1350","-4.81","4383","6.09",,,"44072","0.61","1600","5.99"
"001755","한양증권우","28150","550","1.99",,,,,,,"1650","5.86"
"018880","한온시스템","5160","-570","-9.95",,,"249","20.69","3671","1.41","0","0.00"
"009420","한올바이오파마","46650","550","1.19",,,"173","269.57","3184","14.65","0","0.00"
"320000","한울반도체","13330","370","2.85",,,,,"4998","2.67","0","0.00"
"091440","한울소재과학","3050","-90","-2.87",,,,,"1116","2.73","0","0.00"
"276730","한울앤제주","14500","160","1.12",,,,,"7220","2.01","0","0.00"
"014130","한익스프레스","2615","75","2.95",,,,,"6976","0.37","0","0.00"
"024740","한일단조","3195","-75","-2.29","45","71.00",,,"4222","0.76","0","0.00"
"005860","한일사료","3530","-85","-2.35","162","21.79",,,"4159","0.85","75","2.12"
"300720","한일시멘트","16100","-450","-2.72","1061","15.17","948","16.98","25406","0.63","1000","6.21"
"002220","한일철강","4705","-125","-2.59",,,,,"6789","0.69","30","0.64"
"003300","한일홀딩스","18160","150","0.83","1024","17.73",,,"54474","0.33","1000","5.51"
"007770","한일화학","7680","-10","-0.13",,,,,"25319","0.30","0","0.00"
"051600","한전KPS","57400","300","0.53","2761","20.79","3765","15.25","29906","1.92","1651","2.88"
"052690","한전기술","163500","-7900","-4.61","2244","72.86","1898","86.13","16428","9.95","1347","0.82"
"130660","한전산업","17080","-980","-5.43","125","136.64",,,"3167","5.39","377","2.21"
"198940","한주라이트메탈","861","0","0.00",,,,,"1159","0.74","0","0.00"
"058450","한주에이알티","5010","185","3.83",,,,,"2706","1.85","0","0.00"
"107640","한중엔시에스","59300","-3700","-5.87","450","131.78","1565","37.88","10316","5.75","0","0.00"
"002320","한진","18250","-500","-2.67",,,"1798","10.15","94858","0.19","600","3.29"
"003480","한진중공업홀딩스","5700","-200","-3.39","2265","2.52",,,"17045","0.33","120","2.11"
"180640","한진칼","109700","-1200","-1.08","2313","47.43",,,"49668","2.21","360","0.33"
"18064K","한진칼우","30550","-950","-3.02",,,,,,,"385","1.26"
"005110","한창","1254","0","0.00","3151","0.40",,,"819","1.53","0","0.00"
"079170","한창산업","6390","-50","-0.78","1273","5.02",,,"14025","0.46","210","3.29"
"009460","한창제지","544","0","0.00",,,,,"1390","0.39","0","0.00"
"372910","한컴라이프케어","2360","5","0.21",,,"291","8.10","4590","0.51","0","0.00"
"054920","한컴위드","7020","-250","-3.44","314","22.36",,,"5802","1.21","0","0.00"
"457370","한켐","8730","-270","-3.00","734","11.89",,,"7581","1.15","200","2.29"
"002680","한탑","632","-17","-2.62","67","9.43",,,"1533","0.41","0","0.00"
"098070","한텍","38550","-2250","-5.51","2881","13.38",,,"14605","2.64","375","0.97"
"408470","한패스","13010","-200","-1.51","898","14.49",,,"4459","2.92","0","0.00"
"000880","한화","142200","4100","2.97","4072","34.92","10266","13.85","133067","1.07","1100","0.77"
"00088K","한화3우B","51400","2050","4.15",,,,,,,"1150","2.24"
"452260","한화갤러리아","2800","-65","-2.27","17","164.71",,,"4193","0.67","0","0.00"
"45226K","한화갤러리아우","6680","-50","-0.74",,,,,,,"0","0.00"
"489790","한화비전","80200","1000","1.26","902","88.91","3557","22.55","17188","4.67","0","0.00"
"088350","한화생명","4845","155","3.30","693","6.99","642","7.55","18466","0.26","0","0.00"
"000370","한화손해보험","6380","0","0.00","1858","3.43","2279","2.80","17378","0.37","0","0.00"
"009830","한화솔루션","43000","-2500","-5.49",,,"3579","12.02","52947","0.81","0","0.00"
"009835","한화솔루션우","25550","-1000","-3.77",,,,,,,"0","0.00"
"272210","한화시스템","111700","-4400","-3.79","1290","86.59","1775","62.92","25933","4.31","500","0.45"
"012450","한화에어로스페이스","1284000","-31000","-2.36","28530","45.01","45505","28.22","188244","6.82","7000","0.55"
"082740","한화엔진","77600","-800","-1.02","2071","37.47","2873","27.01","6666","11.64","0","0.00"
"042660","한화오션","122000","-8500","-6.51","4007","30.45","5443","22.41","20138","6.06","0","0.00"
"003530","한화투자증권","7610","-570","-6.97","467","16.30",,,"9484","0.80","0","0.00"
"003535","한화투자증권우","8690","-320","-3.55",,,,,,,"0","0.00"
"498390","한화플러스제5호스팩","2040","0","0.00",,,,,,,"0","0.00"
"195870","해성디에스","81300","-4100","-4.80","1401","58.03","4888","16.63","33198","2.45","900","1.11"
"034810","해성산업","7400","-180","-2.37",,,,,"23076","0.32","250","3.38"
"03481K","해성산업1우","7280","-140","-1.89",,,,,,,"255","3.50"
"059270","해성에어로보틱스","10020","30","0.30","13","770.77",,,"3551","2.82","0","0.00"
"076610","해성옵틱스","2260","-200","-8.13",,,,,"385","5.87","0","0.00"
"101530","해태제과식품","6220","-310","-4.75","878","7.08",,,"11639","0.53","250","4.02"
"220180","핸디소프트","1778","-28","-1.55","39","45.59",,,"3262","0.55","0","0.00"
"143210","핸즈코퍼레이션","1199","0","0.00",,,,,"4306","0.28","0","0.00"
"214180","헥토이노베이션","19480","-1420","-6.79","2427","8.03","3382","5.76","17664","1.10","500","2.57"
"234340","헥토파이낸셜","38150","-1550","-3.90","701","54.42","1693","22.53","12613","3.02","220","0.58"
"084990","헬릭스미스","7730","-180","-2.28",,,,,"3083","2.51","0","0.00"
"000720","현대건설","156000","-9800","-5.91","3319","47.00","5391","28.94","73523","2.12","800","0.51"
"000725","현대건설우","67600","-2900","-4.11",,,,,,,"850","1.26"
"170030","현대공업","5980","-70","-1.16","793","7.54",,,"10837","0.55","300","5.02"
"453340","현대그린푸드","18340","-800","-4.18","2654","6.91","3546","5.17","22431","0.82","676","3.69"
"086280","현대글로비스","265500","14500","5.78","23117","11.49","23937","11.09","138016","1.92","5800","2.18"
"064350","현대로템","215000","-4500","-2.05","7055","30.47","9613","22.36","28211","7.62","600","0.28"
"079430","현대리바트","7200","-80","-1.10","368","19.57","391","18.42","20785","0.35","130","1.81"
"012330","현대모비스","548000","-5000","-0.90","40861","13.41","48351","11.33","551325","0.99","6500","1.19"
"319400","현대무벡스","42500","3800","9.82","103","412.62","153","278.44","1455","29.21","50","0.12"
"048410","현대바이오","13140","810","6.57",,,,,"1153","11.40","0","0.00"
"052260","현대바이오랜드","4240","-85","-1.97","8","530.00",,,"4538","0.93","70","1.65"
"069960","현대백화점","110700","-500","-0.45","9572","11.56","12623","8.77","210969","0.52","2150","1.94"
"004560","현대비앤지스틸","16190","-500","-3.00","976","16.59",,,"34303","0.47","250","1.54"
"016790","현대사료","994","0","0.00","23","43.22",,,"406","2.45","0","0.00"
"004310","현대약품","7850","40","0.51","96","81.77",,,"3141","2.50","30","0.38"
"041440","현대에버다임","9080","-370","-3.92","260","34.92",,,"10745","0.85","70","0.77"
"039010","현대에이치티","10200","-490","-4.58","1367","7.46",,,"13750","0.74","450","4.41"
"017800","현대엘리베이터","93700","-2800","-2.90","7258","12.91","5348","17.52","37450","2.50","14010","14.95"
"307950","현대오토에버","615000","-20000","-3.15","6654","92.43","8670","70.94","67357","9.13","1900","0.31"
"011210","현대위아","93400","3800","4.24","3716","25.13","6444","14.49","135750","0.69","1200","1.28"
"090850","현대이지웰","5750","10","0.17","1035","5.56",,,"4862","1.18","220","3.83"
"004020","현대제철","42400","-1250","-2.86",,,"2198","19.29","147255","0.29","500","1.18"
"005440","현대지에프홀딩스","14230","-280","-1.93","2643","5.38","1896","7.51","25658","0.55","300","2.11"
"005380","현대차","646000","0","0.00","36088","17.90","41201","15.68","439541","1.47","10000","1.55"
"005387","현대차2우B","266500","-5500","-2.02",,,,,,,"10100","3.79"
"005389","현대차3우B","257000","-3500","-1.34",,,,,,,"10050","3.91"
"005385","현대차우","267000","-5000","-1.84",,,,,,,"10050","3.76"
"001500","현대차증권","11380","-750","-6.18","1009","11.28",,,"23342","0.49","370","3.25"
"011760","현대코퍼레이션","28100","-250","-0.88","7226","3.89","8405","3.34","57671","0.49","700","2.49"
"227840","현대코퍼레이션홀딩스","13030","-120","-0.91","4155","3.14",,,"36290","0.36","500","3.84"
"126560","현대퓨처넷","3130","-65","-2.03","69","45.36",,,"6666","0.47","150","4.79"
"001450","현대해상","30100","-250","-0.82","13006","2.31","7891","3.81","65772","0.46","0","0.00"
"057050","현대홈쇼핑","83000","-1000","-1.19","8806","9.43",,,"210031","0.40","2800","3.37"
"460930","현대힘스","18210","-1070","-5.55","604","30.15",,,"7122","2.56","130","0.71"
"092300","현우산업","4010","265","7.08","412","9.73",,,"6129","0.65","70","1.75"
"011080","형지I&C","3280","-100","-2.96",,,,,"7990","0.41","0","0.00"
"308100","형지글로벌","835","-3","-0.36",,,,,"2470","0.34","0","0.00"
"093240","형지엘리트","840","-20","-2.33",,,,,"2049","0.41","0","0.00"
"003010","혜인","6600","-290","-4.21","1382","4.78",,,"13026","0.51","200","3.03"
"111110","호전실업","7500","-150","-1.96","1416","5.30",,,"21402","0.35","400","5.33"
"008770","호텔신라","62400","-1800","-2.80",,,"2638","23.66","29223","2.14","0","0.00"
"008775","호텔신라우","37250","-950","-2.49",,,,,,,"0","0.00"
"064240","홈캐스트","2030","-55","-2.64","1","2030.00",,,"2458","0.83","0","0.00"
"039610","화성밸브","8520","-450","-5.02",,,,,"9065","0.94","0","0.00"
"378850","화승알앤에이","3360","-10","-0.30","960","3.50",,,"8788","0.38","75","2.23"
"241590","화승엔터프라이즈","4425","-145","-3.17",,,"448","9.88","7621","0.58","50","1.13"
"006060","화승인더","3290","-155","-4.50","395","8.33",,,"6972","0.47","206","6.26"
"013520","화승코퍼레이션","3190","-40","-1.24","1681","1.90",,,"6040","0.53","75","2.35"
"010690","화신","15270","1710","12.61","1920","7.95","2835","5.39","16443","0.93","170","1.11"
"126640","화신정공","1633","2","0.12","294","5.55",,,"3381","0.48","75","4.59"
"133820","화인베스틸","1390","-32","-2.25",,,,,"1356","1.03","0","0.00"
"127980","화인써키트","6230","-610","-8.92",,,,,"3205","1.94","170","2.73"
"061250","화일약품","8510","260","3.15",,,,,"24580","0.35","0","0.00"
"010660","화천기계","4835","-155","-3.11","126","38.37",,,"6446","0.75","20","0.41"
"000850","화천기공","35200","-950","-2.63","5173","6.80",,,"154300","0.23","1300","3.69"
"016580","환인제약","11420","420","3.82","857","13.33","1170","9.76","22777","0.50","300","2.63"
"032560","황금에스티","5940","-50","-0.83","1061","5.60",,,"22693","0.26","150","2.53"
"004800","효성","250000","-10000","-3.85","19734","12.67","20641","12.11","146168","1.71","5000","2.00"
"094280","효성ITX","12560","-150","-1.18","1299","9.67",,,"6308","1.99","750","5.97"
"097870","효성오앤비","6090","-120","-1.93","354","17.20",,,"9928","0.61","0","0.00"
"298040","효성중공업","4197000","-136000","-3.14","55832","75.17","100928","41.58","252555","16.62","7500","0.18"
"298020","효성티앤씨","460000","-9500","-2.02","2517","182.76","55782","8.25","364612","1.26","10100","2.20"
"298000","효성화학","38900","0","0.00","80426","0.48",,,"98013","0.40","0","0.00"
"093370","후성","12400","-1010","-7.53","50","248.00","341","36.33","3118","3.98","0","0.00"
"290270","휴네시온","3810","-65","-1.68","612","6.23",,,"5464","0.70","50","1.31"
"005870","휴니드","8360","20","0.24",,,,,"12438","0.67","0","0.00"
"353190","휴럼","2985","-135","-4.33","145","20.59",,,"5420","0.55","400","13.40"
"090710","휴림로봇","12970","640","5.19",,,,,"1068","12.14","0","0.00"
"078590","휴림에이텍","525","0","0.00",,,,,"705","0.74","0","0.00"
"205470","휴마시스","3915","-5","-0.13",,,,,"9505","0.41","0","0.00"
"115160","휴맥스","6960","140","2.05",,,,,"21030","0.33","0","0.00"
"028080","휴맥스홀딩스","7830","450","6.10",,,,,"14194","0.55","0","0.00"
"175140","휴먼테크놀로지","3560","-80","-2.20",,,,,"1641","2.17","0","0.00"
"200670","휴메딕스","33400","-600","-1.76","5017","6.66","3762","8.88","26994","1.24","920","2.75"
"079980","휴비스","2945","-100","-3.28","71","41.48",,,"7534","0.39","0","0.00"
"065510","휴비츠","7320","-80","-1.08",,,,,"10000","0.73","250","3.42"
"005010","휴스틸","5420","-190","-3.39",,,,,"18820","0.29","0","0.00"
"263920","휴엠앤씨","3720","-20","-0.53","160","23.25",,,"4640","0.80","200","5.38"
"243070","휴온스","35250","1000","2.92","3651","9.65",,,"32090","1.10","920","2.61"
"084110","휴온스글로벌","44050","-9250","-17.35","2367","18.61",,,"44802","0.98","880","2.00"
"145020","휴젤","280500","-14500","-4.92","13061","21.48","15608","17.97","87960","3.19","0","0.00"
"024060","흥구석유","15620","100","0.64","11","1420.00",,,"5394","2.90","20","0.13"
"010240","흥국","5580","-60","-1.06","1099","5.08",,,"10653","0.52","280","5.02"
"189980","흥국에프엔비","1478","-30","-1.99","201","7.35",,,"2514","0.59","130","8.80"
"000540","흥국화재","3965","-125","-3.06","1992","1.99",,,"12842","0.31","0","0.00"
"000545","흥국화재우","6800","-170","-2.44",,,,,,,"0","0.00"
"003280","흥아해운","2780","110","4.12","127","21.89",,,"1062","2.62","0","0.00"
"037440","희림","6130","-510","-7.68","619","9.90",,,"6930","0.88","100","1.63"
"238490","힘스","3325","-145","-4.18",,,,,"5240","0.63","0","0.00"